kdrama_name,genre
Extraordinary Attorney Woo,law
Extraordinary Attorney Woo,romance
Extraordinary Attorney Woo,life
Extraordinary Attorney Woo,drama
Squid Game,action
Squid Game,thriller
Squid Game,mystery
Squid Game,drama
Return,action
Return,historical
Return,romance
Return,fantasy
All of Us Are Dead,action
All of Us Are Dead,thriller
All of Us Are Dead,horror
All of Us Are Dead,scifi
A Model Family,thriller
A Model Family,mystery
A Model Family,crime
A Model Family,drama
Pachinko,historical
Pachinko,romance
Pachinko,drama
Pachinko,melodrama
Big Mouth,thriller
Big Mouth,mystery
Big Mouth,law
Big Mouth,drama
Crash Landing on You,military
Crash Landing on You,comedy
Crash Landing on You,romance
Crash Landing on You,political
Kingdom,thriller
Kingdom,historical
Kingdom,horror
Kingdom,political
True Beauty,comedy
True Beauty,romance
True Beauty,youth
True Beauty,drama
Sweet Home,romance
Sweet Home,drama
Sweet Home,melodrama
Sweet Home,horror
Sweet Home,drama
Sweet Home,scifi
Sweet Home,supernatural
The Office Blind Date,comedy
The Office Blind Date,romance
The Office Blind Date,drama
Vincenzo,comedy
Vincenzo,law
Vincenzo,crime
Vincenzo,drama
It's Okay to Not Be Okay,psychological
It's Okay to Not Be Okay,comedy
It's Okay to Not Be Okay,romance
It's Okay to Not Be Okay,drama
Undercover,action
Undercover,thriller
Undercover,mystery
Undercover,crime
The King's Affection,historical
The King's Affection,romance
The King's Affection,drama
Mouse,thriller
Mouse,mystery
Mouse,psychological
Mouse,scifi
Hometown Cha-Cha-Cha,comedy
Hometown Cha-Cha-Cha,romance
Hometown Cha-Cha-Cha,life
Hometown Cha-Cha-Cha,drama
Remarriage & Desires,drama
Remarriage & Desires,melodrama
Itaewon Class,business
Itaewon Class,romance
Itaewon Class,life
Itaewon Class,drama
Descendants of the Sun,action
Descendants of the Sun,comedy
Descendants of the Sun,romance
Descendants of the Sun,melodrama
What's Wrong with Secretary Kim,friendship
What's Wrong with Secretary Kim,business
What's Wrong with Secretary Kim,comedy
What's Wrong with Secretary Kim,romance
The Silent Sea,thriller
The Silent Sea,mystery
The Silent Sea,horror
The Silent Sea,scifi
Snowdrop,romance
Snowdrop,drama
Snowdrop,melodrama
Snowdrop,political
Adamas,thriller
Adamas,mystery
Adamas,drama
Hellbound,mystery
Hellbound,horror
Hellbound,drama
Hellbound,supernatural
Tomorrow,action
Tomorrow,thriller
Tomorrow,drama
Tomorrow,fantasy
Tomorrow,romance
Tomorrow,drama
Tomorrow,melodrama
Tomorrow,supernatural
Backstreet Rookie,action
Backstreet Rookie,business
Backstreet Rookie,comedy
Backstreet Rookie,romance
Mr. Sunshine,military
Mr. Sunshine,historical
Mr. Sunshine,romance
Mr. Sunshine,melodrama
Start-Up,business
Start-Up,comedy
Start-Up,romance
Start-Up,youth
Flower of Evil,thriller
Flower of Evil,romance
Flower of Evil,crime
Flower of Evil,melodrama
Our Blues,romance
Our Blues,life
Our Blues,drama
Our Blues,melodrama
Nevertheless,romance
Nevertheless,life
Nevertheless,youth
Nevertheless,drama
Nevertheless,mature
Run On,romance
Run On,life
Run On,drama
Run On,sports
Our Beloved Summer,romance
Our Beloved Summer,youth
Our Beloved Summer,drama
Stranger,thriller
Stranger,mystery
Stranger,law
Stranger,drama
Doom at Your Service,comedy
Doom at Your Service,romance
Doom at Your Service,drama
Doom at Your Service,fantasy
Hotel Del Luna,horror
Hotel Del Luna,comedy
Hotel Del Luna,romance
Hotel Del Luna,fantasy
Strong Girl Bong-soon,action
Strong Girl Bong-soon,comedy
Strong Girl Bong-soon,romance
Strong Girl Bong-soon,supernatural
Happiness,action
Happiness,thriller
Happiness,drama
Happiness,scifi
The Uncanny Counter,action
The Uncanny Counter,mystery
The Uncanny Counter,drama
The Uncanny Counter,supernatural
W,thriller
W,comedy
W,romance
W,fantasy
Vagabond,action
Vagabond,thriller
Vagabond,mystery
Vagabond,crime
The K2,action
The K2,thriller
The K2,psychological
The K2,romance
Eve,romance
Eve,drama
Eve,melodrama
She Would Never Know,business
She Would Never Know,comedy
She Would Never Know,romance
She Would Never Know,drama
Tell Me Your Wish,life
Tell Me Your Wish,drama
Tell Me Your Wish,medical
Tell Me Your Wish,romance
Tell Me Your Wish,family
Why Her,mystery
Why Her,law
Why Her,romance
Why Her,melodrama
While You Were Sleeping,romance
While You Were Sleeping,drama
While You Were Sleeping,melodrama
Tale of the Nine Tailed,thriller
Tale of the Nine Tailed,horror
Tale of the Nine Tailed,romance
Tale of the Nine Tailed,fantasy
Extraordinary You,comedy
Extraordinary You,romance
Extraordinary You,youth
Extraordinary You,fantasy
Reply 1988,comedy
Reply 1988,romance
Reply 1988,life
Reply 1988,youth
Hospital Playlist,friendship
Hospital Playlist,romance
Hospital Playlist,life
Hospital Playlist,medical
Boys Over Flowers,comedy
Boys Over Flowers,romance
Boys Over Flowers,youth
Boys Over Flowers,drama
My Mister,psychological
My Mister,life
My Mister,drama
Sell Your Haunted House,thriller
Sell Your Haunted House,mystery
Sell Your Haunted House,comedy
Sell Your Haunted House,fantasy
Because This Is My First Life,comedy
Because This Is My First Life,romance
Because This Is My First Life,life
Because This Is My First Life,drama
Monster,thriller
Monster,mystery
Monster,psychological
Monster,drama
Today's Webtoon,business
Today's Webtoon,comedy
Today's Webtoon,life
Today's Webtoon,drama
Taxi Driver,action
Taxi Driver,thriller
Taxi Driver,crime
Taxi Driver,drama
The Empress Ki,historical
The Empress Ki,romance
The Empress Ki,melodrama
The Empress Ki,political
My Liberation Diary,romance
My Liberation Diary,life
My Liberation Diary,family
My Liberation Diary,melodrama
My Liberation Diary,romance
My Liberation Diary,life
My Liberation Diary,family
My Liberation Diary,melodrama
The Sound of Magic,music
The Sound of Magic,psychological
The Sound of Magic,drama
The Sound of Magic,fantasy
Something in the Rain,romance
Something in the Rain,life
Something in the Rain,drama
Something in the Rain,melodrama
My Roommate Is a Gumiho,comedy
My Roommate Is a Gumiho,romance
My Roommate Is a Gumiho,fantasy
My Love from Another Star,comedy
My Love from Another Star,romance
My Love from Another Star,drama
My Love from Another Star,supernatural
Star's Lover,comedy
Star's Lover,romance
Star's Lover,drama
Star's Lover,supernatural
Healer,action
Healer,thriller
Healer,mystery
Healer,romance
Shooting Stars,comedy
Shooting Stars,romance
Shooting Stars,drama
Juvenile Justice,law
Juvenile Justice,drama
Extracurricular,psychological
Extracurricular,crime
Extracurricular,youth
Extracurricular,drama
D.P.,action
D.P.,military
D.P.,drama
Dr. Romantic,romance
Dr. Romantic,drama
Dr. Romantic,medical
Weightlifting Fairy Kim Bok-Joo,comedy
Weightlifting Fairy Kim Bok-Joo,romance
Weightlifting Fairy Kim Bok-Joo,life
Weightlifting Fairy Kim Bok-Joo,sports
Heirs,comedy
Heirs,romance
Heirs,drama
Heirs,melodrama
Anna,thriller
Anna,drama
The Tale of Nokdu,action
The Tale of Nokdu,historical
The Tale of Nokdu,comedy
The Tale of Nokdu,romance
Romance Is a Bonus Book,friendship
Romance Is a Bonus Book,business
Romance Is a Bonus Book,comedy
Romance Is a Bonus Book,romance
Signal,thriller
Signal,mystery
Signal,scifi
Prison Playbook,comedy
Prison Playbook,crime
Prison Playbook,life
Prison Playbook,drama
Yumi's Cells,psychological
Yumi's Cells,comedy
Yumi's Cells,romance
Yumi's Cells,drama
Ghost Doctor,comedy
Ghost Doctor,medical
Ghost Doctor,fantasy
Ghost Doctor,supernatural
Doctor Lawyer,thriller
Doctor Lawyer,law
Doctor Lawyer,drama
Doctor Lawyer,medical
Good Doctor,romance
Good Doctor,life
Good Doctor,drama
Good Doctor,medical
Beauty Inside,comedy
Beauty Inside,romance
Beauty Inside,melodrama
Beauty Inside,supernatural
Oh My Venus,comedy
Oh My Venus,law
Oh My Venus,romance
Oh My Venus,life
Fight for My Way,business
Fight for My Way,comedy
Fight for My Way,romance
Fight for My Way,sports
Love in the Moonlight,historical
Love in the Moonlight,comedy
Love in the Moonlight,romance
Love in the Moonlight,drama
Her Private Life,comedy
Her Private Life,romance
SKY Castle,mystery
SKY Castle,psychological
SKY Castle,drama
Do You Like Brahms?,music
Do You Like Brahms?,romance
Do You Like Brahms?,drama
Do You Like Brahms?,melodrama
Suspicious Partner,thriller
Suspicious Partner,comedy
Suspicious Partner,law
Suspicious Partner,romance
The World of the Married,thriller
The World of the Married,romance
The World of the Married,drama
The World of the Married,melodrama
Pinocchio,thriller
Pinocchio,mystery
Pinocchio,comedy
Pinocchio,romance
The Devil Judge,mystery
The Devil Judge,law
The Devil Judge,crime
The Devil Judge,drama
A Korean Odyssey,horror
A Korean Odyssey,comedy
A Korean Odyssey,romance
A Korean Odyssey,fantasy
Bulgasal,thriller
Bulgasal,mystery
Bulgasal,drama
Bulgasal,fantasy
Record of Youth,romance
Record of Youth,life
Record of Youth,youth
Record of Youth,drama
The Iron Empress,historical
The Iron Empress,comedy
The Iron Empress,romance
The Iron Empress,fantasy
Black,thriller
Black,mystery
Black,supernatural
Love Alarm,comedy
Love Alarm,romance
Love Alarm,youth
Love Alarm,drama
My Country: The New Age,action
My Country: The New Age,historical
My Country: The New Age,romance
My Country: The New Age,drama
I'm Not a Robot,comedy
I'm Not a Robot,romance
I'm Not a Robot,drama
I'm Not a Robot,scifi
Hell Is Other People,thriller
Hell Is Other People,horror
Hell Is Other People,psychological
Hell Is Other People,drama
Youth of May,historical
Youth of May,romance
Youth of May,youth
Youth of May,drama
One Ordinary Day,thriller
One Ordinary Day,mystery
One Ordinary Day,law
One Ordinary Day,crime
Bad and Crazy,action
Bad and Crazy,thriller
Bad and Crazy,mystery
The Good Detective,action
The Good Detective,thriller
The Good Detective,mystery
The Good Detective,drama
The Fiery Priest,action
The Fiery Priest,mystery
The Fiery Priest,comedy
The Fiery Priest,crime
Clean with Passion for Now,business
Clean with Passion for Now,comedy
Clean with Passion for Now,romance
Clean with Passion for Now,drama
Dr. Brain,thriller
Dr. Brain,mystery
Dr. Brain,scifi
Dr. Brain,medical
Voice,thriller
Voice,mystery
Voice,psychological
Alhambeura Goongjeonui Chooeok,action
Alhambeura Goongjeonui Chooeok,thriller
Alhambeura Goongjeonui Chooeok,romance
Alhambeura Goongjeonui Chooeok,scifi
"Poong, the Joseon Psychiatrist",historical
"Poong, the Joseon Psychiatrist",mystery
"Poong, the Joseon Psychiatrist",romance
"Poong, the Joseon Psychiatrist",medical
Stove League,drama
Stove League,sports
Stove League,melodrama
Rookie Historian Goo Hae-Ryung,historical
Rookie Historian Goo Hae-Ryung,comedy
Rookie Historian Goo Hae-Ryung,romance
Rookie Historian Goo Hae-Ryung,drama
My Secret Romance,comedy
My Secret Romance,romance
My Secret Romance,life
My Secret Romance,drama
Lovers of the Red Sky,historical
Lovers of the Red Sky,romance
Lovers of the Red Sky,drama
Lovers of the Red Sky,fantasy
Insider,action
Insider,thriller
Insider,law
18 Again,romance
18 Again,life
18 Again,drama
18 Again,fantasy
Touch Your Heart,comedy
Touch Your Heart,law
Touch Your Heart,romance
Touch Your Heart,drama
Lawless Lawyer,action
Lawless Lawyer,thriller
Lawless Lawyer,law
Lawless Lawyer,romance
Police University,mystery
Police University,comedy
Police University,romance
Police University,drama
Melting Me Softly,mystery
Melting Me Softly,comedy
Melting Me Softly,romance
Melting Me Softly,scifi
Love All Play,romance
Love All Play,drama
Love All Play,sports
Love All Play,melodrama
Uncontrollably Fond,comedy
Uncontrollably Fond,romance
Uncontrollably Fond,drama
Uncontrollably Fond,melodrama
One Spring Night,romance
One Spring Night,life
One Spring Night,drama
One Spring Night,melodrama
100 Days My Prince,historical
100 Days My Prince,comedy
100 Days My Prince,romance
100 Days My Prince,drama
Kiss Sixth Sense,comedy
Kiss Sixth Sense,romance
Kiss Sixth Sense,fantasy
Kiss Sixth Sense,supernatural
Again My Life,mystery
Again My Life,law
Again My Life,drama
Again My Life,fantasy
Dream High,music
Dream High,comedy
Dream High,romance
The Bride of Habaek,comedy
The Bride of Habaek,romance
The Bride of Habaek,drama
The Bride of Habaek,fantasy
Jingkeuseuui Yeonin,mystery
Jingkeuseuui Yeonin,romance
Jingkeuseuui Yeonin,fantasy
Jingkeuseuui Yeonin,melodrama
She Was Pretty,friendship
She Was Pretty,comedy
She Was Pretty,romance
She Was Pretty,drama
Law School,mystery
Law School,law
Law School,crime
Law School,drama
"Kill Me, Heal Me",psychological
"Kill Me, Heal Me",comedy
"Kill Me, Heal Me",romance
"Kill Me, Heal Me",drama
Aelliseu,mystery
Aelliseu,scifi
Aelliseu,fantasy
Aelliseu,melodrama
When the Weather is Fine,romance
When the Weather is Fine,life
When the Weather is Fine,drama
When the Weather is Fine,melodrama
City Hunter,action
City Hunter,thriller
City Hunter,crime
Haereul poomeun dal,historical
Haereul poomeun dal,romance
Haereul poomeun dal,supernatural
Haereul poomeun dal,political
The Crowned Clown,historical
The Crowned Clown,romance
The Crowned Clown,melodrama
The Crowned Clown,political
Military Prosecutor Do Bae Man,action
Military Prosecutor Do Bae Man,military
Military Prosecutor Do Bae Man,mystery
Military Prosecutor Do Bae Man,law
Oh My Ghost,thriller
Oh My Ghost,comedy
Oh My Ghost,romance
Oh My Ghost,supernatural
Save Me,action
Save Me,thriller
Save Me,mystery
Save Me,drama
Live Up to Your Name,historical
Live Up to Your Name,romance
Live Up to Your Name,medical
Live Up to Your Name,fantasy
My Unfamiliar Family,life
My Unfamiliar Family,drama
Keuleiji Leobeu,comedy
Keuleiji Leobeu,romance
Keuleiji Leobeu,drama
The Innocent Man,romance
The Innocent Man,drama
The Innocent Man,family
The Innocent Man,melodrama
Encounter,business
Encounter,romance
Encounter,life
Encounter,political
Kairos,action
Kairos,thriller
Kairos,drama
Kairos,scifi
"Bring It On, Ghost",horror
"Bring It On, Ghost",comedy
"Bring It On, Ghost",romance
"Bring It On, Ghost",supernatural
Tunnel,thriller
Tunnel,mystery
Tunnel,scifi
Tunnel,fantasy
The Veil,action
The Veil,thriller
The Veil,mystery
The Veil,crime
Private Lives,thriller
Private Lives,mystery
Private Lives,romance
Private Lives,crime
My Golden Life,business
My Golden Life,comedy
My Golden Life,romance
My Golden Life,drama
The 1st Shop of Coffee Prince,food
The 1st Shop of Coffee Prince,comedy
The 1st Shop of Coffee Prince,romance
The 1st Shop of Coffee Prince,drama
Bridal Mask,action
Bridal Mask,historical
Bridal Mask,romance
Bridal Mask,political
"Father, I'll Take Care of You",romance
"Father, I'll Take Care of You",drama
"Father, I'll Take Care of You",family
"Father, I'll Take Care of You",melodrama
A Love So Beautiful,comedy
A Love So Beautiful,romance
A Love So Beautiful,life
A Love So Beautiful,youth
Mystic Pop-up Bar,mystery
Mystic Pop-up Bar,comedy
Mystic Pop-up Bar,drama
Mystic Pop-up Bar,fantasy
The Smile Has Left Your Eyes,thriller
The Smile Has Left Your Eyes,mystery
The Smile Has Left Your Eyes,romance
The Smile Has Left Your Eyes,drama
My Secret Terrius,action
My Secret Terrius,mystery
My Secret Terrius,comedy
My Secret Terrius,romance
School 2017,mystery
School 2017,comedy
School 2017,romance
School 2017,youth
Doctor John,mystery
Doctor John,romance
Doctor John,life
Doctor John,medical
More Than Friends,comedy
More Than Friends,romance
More Than Friends,life
More Than Friends,drama
Designated Survivor: 60 Days,thriller
Designated Survivor: 60 Days,mystery
Designated Survivor: 60 Days,drama
Designated Survivor: 60 Days,political
Bad Guys,action
Bad Guys,thriller
Bad Guys,psychological
Bad Guys,crime
Yeopgijeogin Geunyeo,historical
Yeopgijeogin Geunyeo,comedy
Yeopgijeogin Geunyeo,romance
When the Camellia Blooms,thriller
When the Camellia Blooms,comedy
When the Camellia Blooms,romance
When the Camellia Blooms,drama
My Strange Hero,mystery
My Strange Hero,comedy
My Strange Hero,romance
My Strange Hero,youth
Misty,thriller
Misty,mystery
Misty,romance
Misty,melodrama
Mom,romance
Mom,family
Mom,melodrama
Mom,supernatural
Naesungjukin Boseu,business
Naesungjukin Boseu,comedy
Naesungjukin Boseu,romance
Naesungjukin Boseu,drama
Find Me in Your Memory,romance
Find Me in Your Memory,drama
Find Me in Your Memory,melodrama
Adult Trainee,friendship
Adult Trainee,comedy
Adult Trainee,romance
Adult Trainee,school
Bloody Heart,historical
Bloody Heart,drama
Bloody Heart,political
Cheese in the Trap,psychological
Cheese in the Trap,romance
Cheese in the Trap,life
Cheese in the Trap,drama
Familiar Wife,comedy
Familiar Wife,romance
Familiar Wife,drama
Familiar Wife,fantasy
High Society,business
High Society,comedy
High Society,romance
High Society,melodrama
Shine or Go Crazy,historical
Shine or Go Crazy,romance
Shine or Go Crazy,supernatural
Shine or Go Crazy,political
Racket Boys,comedy
Racket Boys,life
Racket Boys,drama
Racket Boys,sports
"Now, We Are Breaking Up",romance
"Now, We Are Breaking Up",drama
"Now, We Are Breaking Up",melodrama
Investigation Partners,thriller
Investigation Partners,mystery
Investigation Partners,law
Investigation Partners,medical
A Wonderful Sight,action
A Wonderful Sight,thriller
A Wonderful Sight,mystery
A Wonderful Sight,comedy
Nothing to Lose,comedy
Nothing to Lose,law
Nothing to Lose,romance
Nothing to Lose,drama
River Where the Moon Rises,action
River Where the Moon Rises,historical
River Where the Moon Rises,romance
River Where the Moon Rises,political
Woori the Virgin,comedy
Woori the Virgin,romance
Woori the Virgin,drama
Woori the Virgin,melodrama
Rookie Cops,romance
Rookie Cops,life
Rookie Cops,youth
Rookie Cops,drama
Jirisan,thriller
Jirisan,mystery
Jirisan,drama
Jirisan,fantasy
Cunning Single Lady,business
Cunning Single Lady,comedy
Cunning Single Lady,romance
The Ghost Detective,thriller
The Ghost Detective,mystery
The Ghost Detective,horror
The Ghost Detective,supernatural
Tell Me What You Saw,thriller
Tell Me What You Saw,mystery
Dakteoseu,comedy
Dakteoseu,romance
Dakteoseu,drama
Dakteoseu,medical
Strongest Deliveryman,business
Strongest Deliveryman,comedy
Strongest Deliveryman,romance
Strongest Deliveryman,life
Becoming Witch,mystery
Becoming Witch,comedy
Rugal,action
Rugal,thriller
Rugal,crime
Rugal,scifi
Where Stars Land,comedy
Where Stars Land,romance
Where Stars Land,drama
Where Stars Land,melodrama
Still 17,music
Still 17,mystery
Still 17,comedy
Still 17,romance
"It's Okay, That's Love",psychological
"It's Okay, That's Love",comedy
"It's Okay, That's Love",romance
"It's Okay, That's Love",drama
Angel's Last Mission: Love,comedy
Angel's Last Mission: Love,romance
Angel's Last Mission: Love,drama
Angel's Last Mission: Love,fantasy
Good Manager,business
Good Manager,comedy
Good Manager,crime
Good Manager,drama
Hello Monster,thriller
Hello Monster,mystery
Hello Monster,psychological
Hello Monster,drama
Another Miss Oh,comedy
Another Miss Oh,romance
Another Miss Oh,melodrama
Another Miss Oh,supernatural
Doctor Prisoner,thriller
Doctor Prisoner,law
Doctor Prisoner,crime
Doctor Prisoner,medical
Chocolate,romance
Chocolate,life
Chocolate,medical
Chocolate,melodrama
The School Nurse Files,mystery
The School Nurse Files,horror
The School Nurse Files,comedy
The School Nurse Files,supernatural
Memorist,action
Memorist,thriller
Memorist,mystery
Memorist,supernatural
Misaeng,friendship
Misaeng,business
Misaeng,life
Misaeng,drama
Love with Flaws,comedy
Love with Flaws,romance
Love with Flaws,life
Love with Flaws,drama
You Are My Spring,thriller
You Are My Spring,mystery
You Are My Spring,romance
You Are My Spring,drama
Doctor Stranger,thriller
Doctor Stranger,romance
Doctor Stranger,drama
Doctor Stranger,medical
He is Psychometric,thriller
He is Psychometric,mystery
He is Psychometric,romance
He is Psychometric,supernatural
"From Now On, Showtime!",mystery
"From Now On, Showtime!",comedy
"From Now On, Showtime!",romance
"From Now On, Showtime!",fantasy
Father Is Strange,comedy
Father Is Strange,romance
Father Is Strange,drama
Father Is Strange,family
Train,thriller
Train,mystery
Train,scifi
The Cursed,thriller
The Cursed,mystery
The Cursed,horror
The Cursed,supernatural
You Are Beautiful,music
You Are Beautiful,comedy
You Are Beautiful,romance
You Are Beautiful,drama
To the Beautiful You,comedy
To the Beautiful You,romance
To the Beautiful You,drama
To the Beautiful You,sports
Nobody Knows,thriller
Nobody Knows,mystery
Nobody Knows,drama
Nobody Knows,melodrama
Heartless City,action
Heartless City,thriller
Heartless City,romance
Heartless City,crime
Undercover,action
Undercover,thriller
Undercover,mystery
Undercover,crime
Peurodyusa,comedy
Peurodyusa,romance
Peurodyusa,drama
Kill It,action
Kill It,thriller
Kill It,mystery
Kill It,drama
Mad Dog,action
Mad Dog,thriller
Mad Dog,mystery
Man to Man,action
Man to Man,thriller
Man to Man,comedy
Man to Man,romance
High Kick!,comedy
High Kick!,romance
High Kick!,drama
High Kick!,sitcom
Color Rush,mystery
Color Rush,romance
Color Rush,drama
Color Rush,supernatural
VIP,mystery
VIP,business
VIP,romance
VIP,melodrama
Seven Day Queen,historical
Seven Day Queen,romance
Seven Day Queen,melodrama
Seven Day Queen,political
Birth of a Beauty,comedy
Birth of a Beauty,romance
Birth of a Beauty,drama
Birth of a Beauty,melodrama
Imitation,music
Imitation,comedy
Imitation,romance
Imitation,drama
Welcome to Wedding Hell,romance
Welcome to Wedding Hell,life
Welcome to Wedding Hell,drama
School 2021,romance
School 2021,youth
School 2021,drama
School 2021,melodrama
Once Again,comedy
Once Again,romance
Once Again,life
Once Again,drama
Dear X Who Doesn't Love Me,romance
Dear X Who Doesn't Love Me,drama
The Light in Your Eyes,romance
The Light in Your Eyes,life
The Light in Your Eyes,drama
The Light in Your Eyes,melodrama
Watcher,thriller
Watcher,mystery
Watcher,drama
Watcher,political
Live,comedy
Live,romance
Live,life
Live,drama
The King 2 Hearts,military
The King 2 Hearts,comedy
The King 2 Hearts,romance
The King 2 Hearts,drama
Life on Mars,action
Life on Mars,mystery
Life on Mars,psychological
Life on Mars,comedy
Lost,life
Lost,drama
Lost,melodrama
"Hello, Me!",comedy
"Hello, Me!",romance
"Hello, Me!",life
"Hello, Me!",fantasy
My Absolute Boyfriend,comedy
My Absolute Boyfriend,romance
My Absolute Boyfriend,drama
My Absolute Boyfriend,fantasy
Oh My Baby,comedy
Oh My Baby,romance
Oh My Baby,drama
Oh My Baby,medical
"At A Distance, Spring Is Green",romance
"At A Distance, Spring Is Green",life
"At A Distance, Spring Is Green",school
"At A Distance, Spring Is Green",youth
Search,military
Search,thriller
Search,mystery
Search,horror
Operation Proposal,friendship
Operation Proposal,romance
Operation Proposal,school
Operation Proposal,sports
Operation Proposal,fantasy
Young Lady and Gentleman,comedy
Young Lady and Gentleman,romance
Young Lady and Gentleman,family
Young Lady and Gentleman,melodrama
Live On,comedy
Live On,romance
Live On,youth
Live On,drama
So Not Worth It,comedy
So Not Worth It,romance
So Not Worth It,youth
So Not Worth It,sitcom
Reply 1994,comedy
Reply 1994,romance
Reply 1994,drama
Reply 1994,sports
Melancholia,romance
Melancholia,school
Melancholia,drama
Melancholia,melodrama
The Best Hit,comedy
The Best Hit,romance
The Best Hit,life
The Best Hit,drama
Life,thriller
Life,psychological
Life,drama
Life,medical
Awaken,thriller
Awaken,mystery
Awaken,crime
Awaken,fantasy
Graceful Family,thriller
Graceful Family,mystery
Graceful Family,drama
Graceful Family,melodrama
The Lady in Dignity,thriller
The Lady in Dignity,mystery
The Lady in Dignity,romance
The Lady in Dignity,drama
When a Man Loves,romance
When a Man Loves,drama
Rooftop Prince,historical
Rooftop Prince,comedy
Rooftop Prince,romance
Rooftop Prince,fantasy
Top Management,romance
Top Management,life
Top Management,drama
Top Management,supernatural
The Scholar Who Walks the Night,historical
The Scholar Who Walks the Night,mystery
The Scholar Who Walks the Night,romance
The Scholar Who Walks the Night,fantasy
A Piece of Your Mind,romance
A Piece of Your Mind,life
A Piece of Your Mind,drama
A Piece of Your Mind,melodrama
Chimera,thriller
Chimera,mystery
Hometown,thriller
Hometown,historical
Hometown,mystery
Hometown,horror
A Witch's Love,business
A Witch's Love,comedy
A Witch's Love,romance
Blood,action
Blood,romance
Blood,medical
Blood,supernatural
Modooui Geojitmal,thriller
Modooui Geojitmal,mystery
Modooui Geojitmal,drama
Criminal Minds,action
Criminal Minds,mystery
Criminal Minds,drama
Only One Person,mystery
Only One Person,romance
Only One Person,drama
Only One Person,melodrama
Black Knight,action
Black Knight,adventure
Black Knight,drama
Black Knight,scifi
Black Knight,romance
Black Knight,drama
Black Knight,fantasy
Black Knight,melodrama
Entourage,business
Entourage,comedy
Entourage,drama
Catch the Ghost,thriller
Catch the Ghost,mystery
Catch the Ghost,comedy
Catch the Ghost,romance
Come and Hug Me,thriller
Come and Hug Me,mystery
Come and Hug Me,romance
Come and Hug Me,melodrama
I Wanna Hear Your Song,music
I Wanna Hear Your Song,mystery
I Wanna Hear Your Song,comedy
I Wanna Hear Your Song,romance
Secret Royal Inspector Joy,historical
Secret Royal Inspector Joy,mystery
Secret Royal Inspector Joy,comedy
Secret Royal Inspector Joy,romance
The Sound of Your Heart,comedy
The Sound of Your Heart,family
The Sound of Your Heart,sitcom
Squad 38,mystery
Squad 38,comedy
Squad 38,crime
Squad 38,drama
Tracer,action
Tracer,thriller
Tracer,mystery
Tracer,drama
Monthly Magazine Home,business
Monthly Magazine Home,comedy
Monthly Magazine Home,romance
Monthly Magazine Home,drama
Emergency Couple,comedy
Emergency Couple,romance
Emergency Couple,drama
Emergency Couple,medical
Hyena,comedy
Hyena,romance
Hyena,mature
Don't Dare to Dream,comedy
Don't Dare to Dream,romance
Reunited Worlds,romance
Reunited Worlds,drama
Reunited Worlds,melodrama
Reunited Worlds,supernatural
Something About 1%,comedy
Something About 1%,romance
Something About 1%,drama
Something About 1%,comedy
Something About 1%,romance
Something About 1%,drama
Hotel King,business
Hotel King,romance
Hotel King,drama
Hotel King,melodrama
A Gentleman's Dignity,comedy
A Gentleman's Dignity,romance
A Gentleman's Dignity,drama
A Gentleman's Dignity,melodrama
Shopping King Louie,comedy
Shopping King Louie,romance
Shopping King Louie,life
Shopping King Louie,drama
"I'm Sorry, I Love You",romance
"I'm Sorry, I Love You",life
"I'm Sorry, I Love You",drama
"I'm Sorry, I Love You",family
Angel Eyes,romance
Angel Eyes,family
Angel Eyes,medical
Angel Eyes,melodrama
Chicago Typewriter,comedy
Chicago Typewriter,romance
Chicago Typewriter,supernatural
Chicago Typewriter,political
Psychopath Diary,thriller
Psychopath Diary,mystery
Psychopath Diary,comedy
Psychopath Diary,crime
Money Flower,business
Money Flower,law
Money Flower,romance
Money Flower,melodrama
The Girl Who Sees Smells,mystery
The Girl Who Sees Smells,romance
The Girl Who Sees Smells,supernatural
Marriage Contract,romance
Marriage Contract,drama
Marriage Contract,melodrama
All In,romance
All In,crime
All In,drama
All In,melodrama
Potato Star 2013QR3,romance
Potato Star 2013QR3,drama
Potato Star 2013QR3,fantasy
Potato Star 2013QR3,sitcom
Zombie Detective,thriller
Zombie Detective,mystery
Zombie Detective,comedy
Zombie Detective,fantasy
The Miracle,comedy
The Miracle,romance
The Miracle,drama
The Miracle,supernatural
Scent of a Woman,comedy
Scent of a Woman,romance
Scent of a Woman,life
Scent of a Woman,melodrama
Dinner Mate,comedy
Dinner Mate,romance
Dinner Mate,life
Dinner Mate,drama
The Spies Who Loved Me,action
The Spies Who Loved Me,mystery
The Spies Who Loved Me,comedy
The Spies Who Loved Me,romance
Soolkkundoshiyeojadeul,friendship
Soolkkundoshiyeojadeul,comedy
Soolkkundoshiyeojadeul,life
Soolkkundoshiyeojadeul,drama
Angry Mom,comedy
Angry Mom,drama
Angry Mom,melodrama
Angry Mom,romance
Angry Mom,drama
Angry Mom,family
I Have a Lover,romance
I Have a Lover,drama
I Have a Lover,melodrama
Missing You,romance
Missing You,drama
Missing You,melodrama
Beautiful Gong Shim,comedy
Beautiful Gong Shim,romance
Beautiful Gong Shim,drama
Reflection of You,thriller
Reflection of You,mystery
Reflection of You,drama
Reflection of You,melodrama
Princess Aurora,comedy
Princess Aurora,romance
Princess Aurora,drama
Princess Aurora,family
The Secret Life of My Secretary,business
The Secret Life of My Secretary,comedy
The Secret Life of My Secretary,romance
The Secret Life of My Secretary,drama
Justice,thriller
Justice,mystery
Justice,law
Justice,drama
Empress Myeongseong,historical
Empress Myeongseong,drama
The Last Empress,action
The Last Empress,thriller
The Last Empress,mystery
The Last Empress,romance
Class of Lies,thriller
Class of Lies,mystery
Class of Lies,law
Class of Lies,youth
Cleaning Up,comedy
Cleaning Up,crime
Cleaning Up,drama
"Gwanggaeto, the Great Conqueror",historical
"Gwanggaeto, the Great Conqueror",political
Smile Again,romance
Smile Again,drama
Smile Again,sports
Smile Again,melodrama
Fantastic,comedy
Fantastic,romance
Fantastic,drama
Fantastic,medical
Mask,thriller
Mask,psychological
Mask,romance
Mask,melodrama
The Chaser,action
The Chaser,thriller
The Chaser,mystery
Dark Hole,action
Dark Hole,thriller
Dark Hole,horror
Dark Hole,scifi
EXO Next Door,music
EXO Next Door,comedy
EXO Next Door,romance
You're All Surrounded,action
You're All Surrounded,mystery
You're All Surrounded,comedy
You're All Surrounded,drama
Return,action
Return,historical
Return,romance
Return,fantasy
The King Loves,historical
The King Loves,romance
The King Loves,drama
The King Loves,political
The Killer's Shopping List,thriller
The Killer's Shopping List,mystery
The Killer's Shopping List,comedy
The Princess' Man,action
The Princess' Man,historical
The Princess' Man,romance
The Princess' Man,political
Ms. Hammurabi,law
Ms. Hammurabi,romance
Ms. Hammurabi,life
Ms. Hammurabi,drama
Temperature of Love,food
Temperature of Love,comedy
Temperature of Love,romance
Temperature of Love,life
High School King of Savvy,comedy
High School King of Savvy,romance
High School King of Savvy,school
High School King of Savvy,sports
Touch,business
Touch,comedy
Touch,romance
Touch,drama
"Bad Thief, Good Thief",thriller
"Bad Thief, Good Thief",comedy
"Bad Thief, Good Thief",law
"Bad Thief, Good Thief",romance
Orange Marmalade,historical
Orange Marmalade,romance
Orange Marmalade,drama
Orange Marmalade,supernatural
Perfume,comedy
Perfume,romance
Perfume,fantasy
Never twice,comedy
Never twice,romance
Never twice,drama
Never twice,family
When I Was the Most Beautiful,romance
When I Was the Most Beautiful,drama
When I Was the Most Beautiful,melodrama
When the Devil Calls Your Name,music
When the Devil Calls Your Name,comedy
When the Devil Calls Your Name,drama
When the Devil Calls Your Name,fantasy
"Marriage, Not Dating",comedy
"Marriage, Not Dating",romance
"Marriage, Not Dating",drama
Miss Korea,comedy
Miss Korea,romance
Miss Korea,life
Miss Korea,drama
Radio Romance,business
Radio Romance,comedy
Radio Romance,romance
The Package,adventure
The Package,comedy
The Package,romance
The Package,life
Duel,thriller
Duel,mystery
Duel,scifi
Untouchable,action
Untouchable,thriller
Untouchable,mystery
Untouchable,business
Rosy Lovers,romance
Rosy Lovers,family
Oh My Ladylord,comedy
Oh My Ladylord,romance
Oh My Ladylord,fantasy
Oh My Ladylord,melodrama
High Class,thriller
High Class,mystery
High Class,drama
Two Cops,mystery
Two Cops,comedy
Two Cops,romance
Two Cops,supernatural
Wok of Love,food
Wok of Love,comedy
Wok of Love,romance
Wok of Love,drama
Warm and Cozy,food
Warm and Cozy,comedy
Warm and Cozy,romance
My Only One,comedy
My Only One,romance
My Only One,drama
My Only One,family
The Man Living in Our House,comedy
The Man Living in Our House,romance
The Man Living in Our House,life
The Man Living in Our House,drama
The Man Living in Our House,comedy
The Man Living in Our House,romance
The Man Living in Our House,life
The Man Living in Our House,drama
L.U.C.A.: The Beginning,action
L.U.C.A.: The Beginning,thriller
L.U.C.A.: The Beginning,mystery
L.U.C.A.: The Beginning,scifi
My Only Love Song,historical
My Only Love Song,comedy
My Only Love Song,romance
My Only Love Song,drama
Hospital Ship,romance
Hospital Ship,drama
Hospital Ship,medical
One the Woman,mystery
One the Woman,comedy
One the Woman,romance
One the Woman,drama
Tomorrow's Cantabile,music
Tomorrow's Cantabile,comedy
Tomorrow's Cantabile,romance
Soul Mechanic,comedy
Soul Mechanic,romance
Soul Mechanic,drama
Soul Mechanic,medical
Protect the Boss,business
Protect the Boss,comedy
Protect the Boss,romance
Protect the Boss,melodrama
Let Me Be Your Knight,music
Let Me Be Your Knight,comedy
Let Me Be Your Knight,romance
Let Me Be Your Knight,drama
Excellent Shaman Ga Doo Shim,mystery
Excellent Shaman Ga Doo Shim,romance
Excellent Shaman Ga Doo Shim,youth
Excellent Shaman Ga Doo Shim,supernatural
Graceful Friends,mystery
Graceful Friends,life
Graceful Friends,drama
Jang Bo Ri Is Here,romance
Jang Bo Ri Is Here,drama
Jang Bo Ri Is Here,melodrama
Ugly Alert,business
Ugly Alert,romance
Ugly Alert,family
Ugly Alert,melodrama
Gunman in Joseon,action
Gunman in Joseon,historical
Gunman in Joseon,romance
Gunman in Joseon,melodrama
Confession,thriller
Confession,mystery
Confession,law
Confession,drama
Welcome 2 Life,comedy
Welcome 2 Life,law
Welcome 2 Life,romance
Welcome 2 Life,fantasy
Haechi,action
Haechi,adventure
Haechi,historical
Haechi,political
Gracious Revenge,romance
Gracious Revenge,drama
Gracious Revenge,family
Gracious Revenge,melodrama
Bride of the Century,mystery
Bride of the Century,comedy
Bride of the Century,romance
Bride of the Century,supernatural
Devilish Joy,comedy
Devilish Joy,romance
Devilish Joy,drama
Five Fingers,music
Five Fingers,romance
Five Fingers,melodrama
Wild Romance,comedy
Wild Romance,romance
Wild Romance,sports
Hush,mystery
Hush,business
Hush,comedy
Hush,life
Missing 9,adventure
Missing 9,mystery
Missing 9,comedy
Missing 9,drama
My Fellow Citizens,comedy
My Fellow Citizens,romance
My Fellow Citizens,crime
My Fellow Citizens,political
The Good Wife,law
The Good Wife,romance
The Good Wife,drama
The Good Wife,political
Let's Eat,food
Let's Eat,comedy
Let's Eat,romance
Let's Eat,drama
Rich Man,business
Rich Man,comedy
Rich Man,romance
Rich Man,melodrama
The Greatest Love,business
The Greatest Love,comedy
The Greatest Love,romance
Sabotage City,thriller
Sabotage City,mystery
Sabotage City,psychological
Sabotage City,drama
The King's Face,action
The King's Face,thriller
The King's Face,historical
The King's Face,romance
Lie to Me,comedy
Lie to Me,romance
Summer Scent,romance
Summer Scent,melodrama
Children of Nobody,thriller
Children of Nobody,mystery
Children of Nobody,psychological
Children of Nobody,drama
Shut Up Family,comedy
Shut Up Family,romance
Shut Up Family,sitcom
Trap,thriller
Trap,mystery
Trap,psychological
Trap,drama
"Jang Ok-jung, Living by Love",historical
"Jang Ok-jung, Living by Love",romance
The Royal Gambler,action
The Royal Gambler,historical
The Royal Gambler,comedy
The Royal Gambler,drama
Goodbye Mr. Black,thriller
Goodbye Mr. Black,business
Goodbye Mr. Black,romance
Goodbye Mr. Black,drama
Beautiful World,thriller
Beautiful World,mystery
Beautiful World,life
Beautiful World,melodrama
Room No. 9,mystery
Room No. 9,drama
Room No. 9,fantasy
The Greatest Divorce,comedy
The Greatest Divorce,romance
The Greatest Divorce,drama
The Suspicious Housekeeper,mystery
The Suspicious Housekeeper,drama
The Suspicious Housekeeper,family
The Suspicious Housekeeper,melodrama
Please Don't Date Him,comedy
Please Don't Date Him,romance
Please Don't Date Him,drama
Please Don't Date Him,scifi
My Daughter Seo Young,comedy
My Daughter Seo Young,romance
My Daughter Seo Young,family
My Daughter Seo Young,melodrama
My Fair Lady,romance
My Fair Lady,drama
Oh! My Lady,comedy
Oh! My Lady,drama
Oh! My Lady,family
Oh! My Lady,melodrama
Spring Must Be Coming,business
Spring Must Be Coming,comedy
Spring Must Be Coming,drama
Spring Must Be Coming,fantasy
Player,action
Player,thriller
Player,mystery
Player,comedy
Love Rain,romance
Love Rain,drama
Love Rain,family
Love Rain,melodrama
Glass Slippers,romance
Glass Slippers,family
Wonderful Days,romance
Wonderful Days,drama
Wonderful Days,family
Love in Sadness,romance
Love in Sadness,drama
Love in Sadness,melodrama
Marry Me Now,romance
Marry Me Now,family
Marry Me Now,medical
Marry Me Now,melodrama
The Three Musketeers,action
The Three Musketeers,adventure
The Three Musketeers,historical
The Three Musketeers,romance
Blade Man,comedy
Blade Man,romance
Blade Man,drama
Blade Man,supernatural
Good Casting,action
Good Casting,mystery
Good Casting,comedy
Good Casting,drama
Level Up,business
Level Up,comedy
Level Up,romance
Happy Ending,comedy
Happy Ending,romance
Happy Ending,youth
Happy Ending,drama
Uwolhan Halu,thriller
Uwolhan Halu,mystery
Uwolhan Halu,psychological
Uwolhan Halu,drama
Mother of Mine,business
Mother of Mine,romance
Mother of Mine,life
Mother of Mine,melodrama
Mistress,thriller
Mistress,mystery
Mistress,romance
Mistress,drama
Handsome Guy and Jung-Eum,comedy
Handsome Guy and Jung-Eum,romance
Handsome Guy and Jung-Eum,life
Handsome Guy and Jung-Eum,drama
Girls' Generation 1979,mystery
Girls' Generation 1979,romance
Girls' Generation 1979,youth
Girls' Generation 1979,drama
Iljimae,historical
Iljimae,drama
Diary of a Night Watchman,action
Diary of a Night Watchman,historical
Diary of a Night Watchman,romance
Diary of a Night Watchman,supernatural
Get Revenge,mystery
Get Revenge,drama
The Genius,drama
The Genius,fantasy
Night Light,business
Night Light,drama
Night Light,political
Save the Last Dance for Me,romance
Save the Last Dance for Me,drama
Uncle,comedy
Uncle,romance
Uncle,drama
Uncle,supernatural
Uncle,music
Uncle,comedy
Uncle,drama
Sketch,action
Sketch,thriller
Sketch,mystery
Sketch,supernatural
"The King of Tears, Lee Bang-won",thriller
"The King of Tears, Lee Bang-won",historical
"The King of Tears, Lee Bang-won",drama
"The King of Tears, Lee Bang-won",political
Five Children,comedy
Five Children,romance
Five Children,drama
Five Children,melodrama
Temptation of Wife,romance
Temptation of Wife,drama
Temptation of Wife,family
Temptation of Wife,melodrama
Geunyeoneun Geojitmaleul Neomoo Saranghae,music
Geunyeoneun Geojitmaleul Neomoo Saranghae,comedy
Geunyeoneun Geojitmaleul Neomoo Saranghae,romance
Geunyeoneun Geojitmaleul Neomoo Saranghae,youth
Priest,thriller
Priest,horror
Priest,romance
Priest,drama
Padam Padam,romance
Padam Padam,life
Padam Padam,melodrama
Padam Padam,supernatural
The Emperor: Owner of the Mask,historical
The Emperor: Owner of the Mask,romance
The Emperor: Owner of the Mask,drama
The Emperor: Owner of the Mask,political
Lucky Romance,business
Lucky Romance,comedy
Lucky Romance,romance
Lucky Romance,drama
You Are My Destiny,business
You Are My Destiny,comedy
You Are My Destiny,romance
You Are My Destiny,drama
Entertainer,music
Entertainer,business
Entertainer,comedy
Entertainer,drama
Choco Bank,business
Choco Bank,comedy
Choco Bank,romance
Choco Bank,drama
The Third Charm,food
The Third Charm,comedy
The Third Charm,romance
The Third Charm,drama
Lookout,action
Lookout,thriller
Lookout,mystery
Lookout,law
Lookout,crime
Fates and Furies,romance
Fates and Furies,drama
Fates and Furies,family
Fates and Furies,melodrama
The Time We Were Not in Love,comedy
The Time We Were Not in Love,romance
The Time We Were Not in Love,youth
Begin Again,comedy
Begin Again,romance
Begin Again,drama
Diary of a Prosecutor,mystery
Diary of a Prosecutor,law
Diary of a Prosecutor,life
Diary of a Prosecutor,drama
Alone in Love,comedy
Alone in Love,romance
Alone in Love,life
Alone in Love,drama
Local Hero,action
Local Hero,thriller
Local Hero,mystery
Local Hero,comedy
Children of a Lesser God,thriller
Children of a Lesser God,mystery
Children of a Lesser God,supernatural
"My Daughter, Geum Sa-wol",romance
"My Daughter, Geum Sa-wol",drama
"My Daughter, Geum Sa-wol",family
Joseon Exorcist,action
Joseon Exorcist,historical
Joseon Exorcist,drama
Joseon Exorcist,fantasy
Hotelier,business
Hotelier,romance
Hotelier,drama
Dream,romance
Dream,sports
Dream,melodrama
Unasked Family,comedy
Unasked Family,romance
Unasked Family,drama
Unasked Family,family
Mystery Queen,action
Mystery Queen,mystery
Mystery Queen,comedy
Mystery Queen,drama
Unexpected You,comedy
Unexpected You,romance
Unexpected You,life
Unexpected You,drama
Kkondae Intern,business
Kkondae Intern,comedy
Kkondae Intern,life
Kkondae Intern,drama
You Are the Best!,comedy
You Are the Best!,romance
You Are the Best!,drama
You Are the Best!,family
Pride and Prejudice,mystery
Pride and Prejudice,law
Pride and Prejudice,romance
Second to Last Love,romance
Second to Last Love,life
Second to Last Love,drama
Second 20s,comedy
Second 20s,romance
Second 20s,life
Second 20s,drama
My Secret Hotel,mystery
My Secret Hotel,comedy
My Secret Hotel,romance
My Secret Hotel,drama
Whisper,thriller
Whisper,law
Whisper,romance
Whisper,drama
Goodbye to Goodbye,romance
Goodbye to Goodbye,life
Goodbye to Goodbye,drama
Goodbye to Goodbye,melodrama
Discovery of Love,comedy
Discovery of Love,romance
Discovery of Love,drama
May Queen,romance
May Queen,drama
May Queen,melodrama
Your Honor,comedy
Your Honor,law
Your Honor,romance
Your Honor,drama
Monster,business
Monster,romance
Monster,crime
Monster,melodrama
My Runway,comedy
My Runway,romance
My Runway,drama
My Runway,supernatural
Band of Sisters,romance
Band of Sisters,drama
Band of Sisters,melodrama
Jugglers,business
Jugglers,comedy
Jugglers,romance
Jugglers,drama
"Me Too, Flower!",psychological
"Me Too, Flower!",comedy
"Me Too, Flower!",romance
"Me Too, Flower!",drama
Dr. Jin,historical
Dr. Jin,romance
Dr. Jin,medical
Dr. Jin,fantasy
Last,action
Last,thriller
Last,crime
Gu Am Heo Joon,historical
Gu Am Heo Joon,drama
Gu Am Heo Joon,medical
Less Than Evil,thriller
Less Than Evil,mystery
Less Than Evil,psychological
Less Than Evil,drama
Woman of 9.9 Billion,thriller
Woman of 9.9 Billion,mystery
Woman of 9.9 Billion,drama
A Pledge to God,romance
A Pledge to God,life
A Pledge to God,family
A Pledge to God,melodrama
Thank You,comedy
Thank You,romance
Thank You,family
Thank You,medical
My Dangerous Wife,thriller
My Dangerous Wife,psychological
My Dangerous Wife,drama
Revolutionary Sisters,thriller
Revolutionary Sisters,comedy
Revolutionary Sisters,romance
Revolutionary Sisters,drama
Money Game,mystery
Money Game,business
Money Game,drama
Money Game,political
I Need Romance 3,comedy
I Need Romance 3,romance
I Need Romance 3,drama
Sweet Munchies,food
Sweet Munchies,comedy
Sweet Munchies,romance
Sweet Munchies,life
Different Dreams,action
Different Dreams,historical
Different Dreams,romance
Different Dreams,medical
Cheongdam-dong Alice,comedy
Cheongdam-dong Alice,romance
Cheongdam-dong Alice,drama
Cheongdam-dong Alice,melodrama
Nonstop,comedy
Nonstop,romance
Nonstop,drama
Nonstop,sitcom
Pretty Boy,comedy
Pretty Boy,romance
Pretty Boy,drama
Pretty Boy,family
On the Verge of Insanity,comedy
On the Verge of Insanity,life
On the Verge of Insanity,drama
Medical Top Team,drama
Medical Top Team,medical
Emperor of the Sea,action
Emperor of the Sea,historical
Emperor of the Sea,drama
Emperor of the Sea,war
Can We Get Married?,romance
Can We Get Married?,life
Can We Get Married?,drama
Can We Get Married?,family
Fashion King,romance
Fashion King,drama
Fashion King,melodrama
The Wind Blows,romance
The Wind Blows,drama
The Wind Blows,melodrama
My Lovely Girl,music
My Lovely Girl,romance
My Lovely Girl,drama
Lovely Horribly,horror
Lovely Horribly,comedy
Lovely Horribly,romance
Lovely Horribly,supernatural
Immortal Yi Soon-shin,action
Immortal Yi Soon-shin,military
Immortal Yi Soon-shin,historical
Immortal Yi Soon-shin,drama
The King and I,historical
The King and I,drama
The King and I,political
Ms. Temper & Nam Jung-Gi,business
Ms. Temper & Nam Jung-Gi,comedy
Ms. Temper & Nam Jung-Gi,life
Ms. Temper & Nam Jung-Gi,drama
Passionate Love,business
Passionate Love,romance
Passionate Love,family
Passionate Love,melodrama
All About My Romance,comedy
All About My Romance,romance
All About My Romance,political
One Warm Word,life
One Warm Word,drama
One Warm Word,family
One Warm Word,melodrama
I Need Romance 2012,comedy
I Need Romance 2012,romance
The Great Show,comedy
The Great Show,drama
The Great Show,family
The Great Show,political
Flower Boy Ramyun Shop,food
Flower Boy Ramyun Shop,comedy
Flower Boy Ramyun Shop,romance
"I Do, I Do",comedy
"I Do, I Do",romance
Big Issue,thriller
Big Issue,mystery
Big Issue,romance
Big Issue,drama
Divorce Lawyer in Love,comedy
Divorce Lawyer in Love,law
Divorce Lawyer in Love,romance
Can You Hear My Heart?,comedy
Can You Hear My Heart?,romance
Can You Hear My Heart?,drama
Can You Hear My Heart?,family
Dae Wang Sejong,historical
Lies of Lies,thriller
Lies of Lies,romance
Lies of Lies,melodrama
Special Affairs Team TEN,action
Special Affairs Team TEN,mystery
Special Affairs Team TEN,psychological
A Poem a Day,romance
A Poem a Day,life
A Poem a Day,drama
A Poem a Day,medical
Brilliant Heritage,comedy
Brilliant Heritage,romance
Brilliant Heritage,family
Brilliant Heritage,melodrama
Heard It Through the Grapevine,comedy
Heard It Through the Grapevine,romance
Heard It Through the Grapevine,family
Heard It Through the Grapevine,melodrama
Delayed Justice,mystery
Delayed Justice,comedy
Delayed Justice,law
Delayed Justice,melodrama
I Need Romance,friendship
I Need Romance,comedy
I Need Romance,romance
Marry Him If You Dare,comedy
Marry Him If You Dare,romance
Marry Him If You Dare,supernatural
Heart to Heart,psychological
Heart to Heart,comedy
Heart to Heart,romance
My Spring Days,romance
My Spring Days,family
My Spring Days,melodrama
The Great Merchant,historical
The Great Merchant,romance
The Great Merchant,drama
Meloholic,mystery
Meloholic,psychological
Meloholic,romance
Meloholic,supernatural
Temptation,romance
Temptation,drama
Temptation,melodrama
My Husband Oh Jak-doo,comedy
My Husband Oh Jak-doo,romance
My Husband Oh Jak-doo,drama
My Husband Oh Jak-doo,melodrama
The Lover,comedy
The Lover,romance
The Lover,life
Hidden Identity,mystery
Hidden Identity,drama
Man Who Sets the Table,food
Man Who Sets the Table,romance
Man Who Sets the Table,drama
Man Who Sets the Table,family
Item,action
Item,thriller
Item,mystery
Item,supernatural
Times,thriller
Times,mystery
Times,fantasy
Times,political
Big Man,thriller
Big Man,business
Big Man,drama
Big Man,melodrama
Mrs. Cop,action
Mrs. Cop,mystery
Sandglass,action
Sandglass,historical
Sandglass,romance
Sandglass,political
Argon,mystery
Argon,drama
Argon,political
Hur Jun,historical
Punch,thriller
Punch,drama
Punch,political
Standby,business
Standby,comedy
Standby,sitcom
Mom,romance
Mom,drama
Mom,family
Mom,melodrama
Jeong Do-jeon,action
Jeong Do-jeon,thriller
Jeong Do-jeon,historical
Jeong Do-jeon,political
Chakhanmanyeojeon,comedy
Chakhanmanyeojeon,romance
Chakhanmanyeojeon,drama
Chakhanmanyeojeon,melodrama
Babel,mystery
Babel,business
Babel,law
Babel,romance
My Healing Love,romance
My Healing Love,life
My Healing Love,drama
My Healing Love,family
Sponsor,thriller
Sponsor,romance
Sponsor,drama
Your House Helper,friendship
Your House Helper,comedy
Your House Helper,romance
Your House Helper,life
The Family Is Coming,comedy
The Family Is Coming,romance
The Family Is Coming,family
Andante,comedy
Andante,romance
Andante,youth
Andante,melodrama
Bad Papa,adventure
Bad Papa,drama
Bad Papa,family
Bad Papa,sports
Legal High,mystery
Legal High,comedy
Legal High,law
Legal High,drama
Working Mom,romance
Working Mom,family
New Heart,romance
New Heart,medical
"Take Care of Us, Captain",romance
"Take Care of Us, Captain",drama
Phoenix,romance
Phoenix,drama
Dae Jang-Geum Is Watching,food
Dae Jang-Geum Is Watching,comedy
Dae Jang-Geum Is Watching,romance
Dae Jang-Geum Is Watching,supernatural
Dae Jang-Geum Is Watching,food
Dae Jang-Geum Is Watching,comedy
Dae Jang-Geum Is Watching,romance
Dae Jang-Geum Is Watching,supernatural
Late Night Restaurant,food
Late Night Restaurant,life
Late Night Restaurant,drama
One Well-Raised Daughter,business
One Well-Raised Daughter,romance
One Well-Raised Daughter,family
One Well-Raised Daughter,melodrama
Bachelor's Vegetable Store,comedy
Bachelor's Vegetable Store,romance
Bachelor's Vegetable Store,drama
Bachelor's Vegetable Store,melodrama
7th Grade Civil Servant,action
7th Grade Civil Servant,comedy
7th Grade Civil Servant,romance
Home for Summer,romance
Home for Summer,drama
Home for Summer,family
Home for Summer,melodrama
A Thousand Days' Promise,romance
A Thousand Days' Promise,melodrama
Life Is Beautiful,business
Life Is Beautiful,romance
Life Is Beautiful,drama
Just Dance,romance
Just Dance,life
Just Dance,drama
Just Dance,sports
Eccentric! Chef Moon,food
Eccentric! Chef Moon,comedy
Eccentric! Chef Moon,romance
Eccentric! Chef Moon,melodrama
Happy Together,romance
Happy Together,drama
Happy Together,melodrama
Endless Love,action
Endless Love,romance
Endless Love,drama
Endless Love,melodrama
Splendid Politics,historical
Splendid Politics,drama
Splendid Politics,political
Ms. Perfect,mystery
Ms. Perfect,comedy
Risky Romance,comedy
Risky Romance,romance
Risky Romance,medical
Secrets and Lies,business
Secrets and Lies,romance
Secrets and Lies,melodrama
Hundred Year Inheritance,romance
Hundred Year Inheritance,drama
Hundred Year Inheritance,family
Bravo My Life,comedy
Bravo My Life,romance
Romance Town,comedy
Romance Town,romance
Romance Town,drama
Romance Town,family
Lovers in Bloom,comedy
Lovers in Bloom,romance
Lovers in Bloom,family
Lovers in Bloom,melodrama
Vampire Prosecutor,action
Vampire Prosecutor,mystery
Vampire Prosecutor,drama
Vampire Prosecutor,supernatural
Feast of the Gods,comedy
Feast of the Gods,romance
Feast of the Gods,drama
Feast of the Gods,melodrama
The Greatest Marriage,comedy
The Greatest Marriage,romance
The Greatest Marriage,family
The Greatest Marriage,melodrama
Which Star Are You From,comedy
Which Star Are You From,romance
Which Star Are You From,life
Which Star Are You From,drama
Secret Mother,thriller
Secret Mother,mystery
Secret Mother,psychological
Secret Mother,drama
The Blade and Petal,action
The Blade and Petal,historical
The Blade and Petal,romance
The Blade and Petal,drama
Not Yet Thirty,comedy
Not Yet Thirty,romance
Not Yet Thirty,drama
Monstar,music
Monstar,romance
Monstar,youth
Let Me Introduce Her,mystery
Let Me Introduce Her,psychological
Let Me Introduce Her,romance
Let Me Introduce Her,melodrama
My Little Baby,comedy
My Little Baby,romance
My Little Baby,family
Hide and Seek,crime
Hide and Seek,drama
Hide and Seek,family
Hide and Seek,melodrama
Thousand Years of Love,music
Thousand Years of Love,comedy
Thousand Years of Love,romance
Thousand Years of Love,supernatural
Thousand Years of Love,music
Thousand Years of Love,comedy
Thousand Years of Love,romance
Thousand Years of Love,supernatural
The Great Seer,historical
The Great Seer,romance
The Great Seer,supernatural
The Great Seer,war
Stars Falling from the Sky,thriller
Stars Falling from the Sky,mystery
Stars Falling from the Sky,romance
Stars Falling from the Sky,drama
A New Leaf,business
A New Leaf,law
A New Leaf,drama
One Sunny Day,romance
One Sunny Day,drama
The King of Dramas,business
The King of Dramas,comedy
The King of Dramas,romance
The King of Dramas,drama
Ice Adonis,romance
Ice Adonis,drama
Ice Adonis,melodrama
Happy If You Died,comedy
Happy If You Died,romance
Happy If You Died,drama
Happy If You Died,fantasy
Delicious Proposal,food
Delicious Proposal,comedy
Delicious Proposal,romance
On the Way to the Airport,romance
On the Way to the Airport,drama
On the Way to the Airport,melodrama
Seoul 1945,historical
Seoul 1945,drama
Poseidon,action
Poseidon,military
Poseidon,mystery
Poseidon,romance
Sweet Enemy,drama
Sweet Enemy,family
Sweet Enemy,melodrama
Spotlight,mystery
Spotlight,business
Spotlight,law
Spotlight,political
Return,thriller
Return,mystery
Return,law
How to Buy a Friend,mystery
How to Buy a Friend,comedy
How to Buy a Friend,romance
How to Buy a Friend,drama
Taejo Wang Geon,historical
Tazza,action
Tazza,adventure
Tazza,thriller
Tazza,romance
You and I,drama
You and I,melodrama
Glory Jane,romance
Glory Jane,drama
Three Days,action
Three Days,thriller
Three Days,drama
The Sons of Sol Pharmacy House,comedy
The Sons of Sol Pharmacy House,romance
The Sons of Sol Pharmacy House,family
The Queen's Classroom,school
The Queen's Classroom,youth
The Queen's Classroom,drama
Ruby Ring,romance
Ruby Ring,drama
Ruby Ring,family
Ruby Ring,melodrama
My Beautiful Bride,action
My Beautiful Bride,mystery
My Beautiful Bride,romance
My Beautiful Bride,crime
Woman with a Suitcase,law
Woman with a Suitcase,drama
Woman with a Suitcase,melodrama
Memory,law
Memory,romance
Memory,life
Memory,drama
Pegasus Market,business
Pegasus Market,comedy
Pegasus Market,drama
Left-Handed Wife,mystery
Left-Handed Wife,business
Left-Handed Wife,romance
Left-Handed Wife,melodrama
My Unfortunate Boyfriend,romance
My Unfortunate Boyfriend,drama
Golden Time,comedy
Golden Time,romance
Golden Time,medical
Secrets of Women,drama
Secrets of Women,family
Secrets of Women,melodrama
Pink Lipstick,romance
Pink Lipstick,drama
Pink Lipstick,melodrama
Vampire Idol,comedy
Vampire Idol,drama
Vampire Idol,supernatural
Vampire Idol,sitcom
A Place in the Sun,business
A Place in the Sun,romance
A Place in the Sun,drama
A Place in the Sun,melodrama
Chungil Electronics Miss Lee,business
Chungil Electronics Miss Lee,comedy
Chungil Electronics Miss Lee,life
Chungil Electronics Miss Lee,drama
Avengers Social Club,friendship
Avengers Social Club,comedy
Avengers Social Club,life
Avengers Social Club,drama
Mr. Baek,comedy
Mr. Baek,romance
Mr. Baek,drama
Mr. Baek,fantasy
The Devil,drama
Golden Cross,thriller
Golden Cross,romance
Golden Cross,drama
Golden Cross,melodrama
Secret Boutique,romance
Secret Boutique,drama
Secret Boutique,melodrama
Secret Boutique,political
Happy Sisters,romance
Happy Sisters,melodrama
First Love Again,comedy
First Love Again,romance
First Love Again,fantasy
The Return of Hwang Geum-Bok,drama
The Return of Hwang Geum-Bok,family
The Return of Hwang Geum-Bok,melodrama
We Are Dating Now,friendship
We Are Dating Now,romance
We Are Dating Now,life
We Are Dating Now,drama
Blow Breeze,law
Blow Breeze,romance
Blow Breeze,drama
Blow Breeze,melodrama
Miss Ripley,romance
Miss Ripley,drama
Miss Ripley,melodrama
Lovers in Prague,comedy
Lovers in Prague,romance
Lovers in Prague,drama
The Musical,music
The Musical,romance
The Musical,drama
The Musical,melodrama
Radiant Office,business
Radiant Office,comedy
Radiant Office,romance
Radiant Office,drama
The Birth of a Family,romance
The Birth of a Family,drama
The Birth of a Family,family
The Birth of a Family,melodrama
The 3rd Hospital,comedy
The 3rd Hospital,life
The 3rd Hospital,drama
The 3rd Hospital,medical
Our Gap-soon,comedy
Our Gap-soon,romance
Our Gap-soon,family
Doctor Frost,mystery
Doctor Frost,psychological
Doctor Frost,drama
Doctor Frost,medical
Twelve Nights,romance
Twelve Nights,life
Twelve Nights,melodrama
"Oh, the Mysterious",thriller
"Oh, the Mysterious",mystery
"Oh, the Mysterious",romance
"Oh, the Mysterious",drama
Unstoppable Marriage,comedy
Unstoppable Marriage,romance
Unstoppable Marriage,family
The Full Sun,thriller
The Full Sun,romance
The Full Sun,crime
The Full Sun,drama
Dalkomhan seupai,action
Dalkomhan seupai,comedy
Dalkomhan seupai,romance
Spy,thriller
Spy,romance
Spy,crime
Spy,political
Drinking Solo,food
Drinking Solo,comedy
Drinking Solo,romance
Pied Piper,action
Pied Piper,thriller
Pied Piper,mystery
Pied Piper,drama
Doctor Detective,thriller
Doctor Detective,mystery
Doctor Detective,drama
Doctor Detective,medical
Super Daddy Yeol,comedy
Super Daddy Yeol,romance
Super Daddy Yeol,drama
Super Daddy Yeol,medical
Chip In,thriller
Chip In,mystery
Chip In,comedy
Chip In,melodrama
Lovers,drama
Lovers,family
First Love,romance
My Love by My Side,romance
My Love by My Side,family
Wanted,mystery
Wanted,drama
Wanted,melodrama
Angel's Revenge,romance
Angel's Revenge,drama
Angel's Revenge,family
Angel's Revenge,melodrama
King's Family,comedy
King's Family,romance
King's Family,drama
King's Family,family
Baby Faced Beauty,business
Baby Faced Beauty,comedy
Baby Faced Beauty,romance
Can't Lose,comedy
Can't Lose,law
Can't Lose,romance
Can't Lose,life
Neighborhood Lawyer Jo Deul-ho,mystery
Neighborhood Lawyer Jo Deul-ho,comedy
Neighborhood Lawyer Jo Deul-ho,law
The Queen of Office,business
The Queen of Office,comedy
The Queen of Office,romance
The Queen of Office,drama
Brain,romance
Brain,drama
Brain,medical
Wonderful Mama,romance
Wonderful Mama,drama
Wonderful Mama,family
Wonderful Mama,melodrama
Marrying a Millionaire,romance
Marrying a Millionaire,drama
Man Who Dies to Live,comedy
Man Who Dies to Live,drama
Man Who Dies to Live,family
Basketball,historical
Basketball,romance
Basketball,drama
Basketball,sports
Robber,romance
Robber,crime
Robber,drama
Robber,melodrama
The Banker,business
The Banker,drama
The Banker,political
Model,romance
Model,drama
Mysterious Personal Shopper,friendship
Mysterious Personal Shopper,mystery
Mysterious Personal Shopper,family
Mysterious Personal Shopper,melodrama
Coma,thriller
Coma,horror
Coma,supernatural
Masked Prosecutor,action
Masked Prosecutor,comedy
Masked Prosecutor,romance
Masked Prosecutor,drama
Masked Prosecutor,melodrama
Heaven's Promise,romance
Heaven's Promise,family
Heaven's Promise,melodrama
Behind the White Tower,business
Behind the White Tower,drama
Behind the White Tower,medical
Behind the White Tower,political
It's My Life,business
It's My Life,romance
It's My Life,drama
It's My Life,melodrama
I Order You,food
I Order You,comedy
I Order You,romance
I Order You,melodrama
Korean Peninsula,action
Korean Peninsula,military
Korean Peninsula,romance
Korean Peninsula,political
On Air,romance
On Air,drama
Empire of Gold,business
Empire of Gold,drama
Empire of Gold,family
You Are the Only One,romance
You Are the Only One,drama
You Are the Only One,family
Shining Days,romance
Shining Days,drama
Incarnation of Money,business
Incarnation of Money,romance
Incarnation of Money,drama
Capital Scandal,historical
Capital Scandal,comedy
Capital Scandal,romance
Capital Scandal,drama
"Run, Jang-Mi",food
"Run, Jang-Mi",romance
Assembly,law
Assembly,drama
Assembly,political
My Heart Twinkle Twinkle,romance
My Heart Twinkle Twinkle,drama
My Heart Twinkle Twinkle,family
My Heart Twinkle Twinkle,melodrama
Who Are You?,mystery
Who Are You?,horror
Who Are You?,romance
Who Are You?,supernatural
Love Returns,romance
Love Returns,drama
Love Returns,family
Love Returns,melodrama
Unkind Ladies,comedy
Unkind Ladies,romance
Unkind Ladies,drama
Reset,mystery
Reset,drama
Bad Housewife,comedy
Bad Housewife,romance
Bad Housewife,drama
Hero,action
Hero,fantasy
Hero,supernatural
My Dear Cat,mystery
My Dear Cat,comedy
My Dear Cat,romance
My Dear Cat,drama
Best Chicken,food
Best Chicken,business
Best Chicken,comedy
Best Chicken,romance
Ruler of Your Own World,romance
Ruler of Your Own World,drama
Melody of Love,music
Melody of Love,romance
Melody of Love,drama
Melody of Love,family
Spy Myung-wol,action
Spy Myung-wol,comedy
Spy Myung-wol,romance
Syndrome,romance
Syndrome,drama
Syndrome,medical
"Be Strong, Geum-Soon!",comedy
"Be Strong, Geum-Soon!",romance
"Be Strong, Geum-Soon!",drama
"Be Strong, Geum-Soon!",family
Laurel Tree Tailors,comedy
Laurel Tree Tailors,romance
Laurel Tree Tailors,life
Laurel Tree Tailors,drama
Lights and Shadows,military
Lights and Shadows,comedy
Lights and Shadows,romance
Lights and Shadows,political
Two Mothers,romance
Two Mothers,drama
Two Mothers,family
Two Mothers,melodrama
My Beloved Sister,romance
My Beloved Sister,life
My Beloved Sister,drama
My Beloved Sister,family
My Beloved Sister,melodrama
Unknown Woman,drama
Unknown Woman,family
Unknown Woman,melodrama
A Thousand Kisses,romance
A Thousand Kisses,drama
A Thousand Kisses,family
Aillaendeu,romance
Aillaendeu,drama
Aillaendeu,melodrama
The Secret of My Love,romance
The Secret of My Love,drama
The Secret of My Love,family
The Secret of My Love,melodrama
Gangnam Scandal,business
Gangnam Scandal,comedy
Gangnam Scandal,romance
Gangnam Scandal,melodrama
Tomorrow Boy,romance
Tomorrow Boy,life
Tomorrow Boy,youth
Jeogdoui Namja,romance
Jeogdoui Namja,drama
Jeogdoui Namja,melodrama
Amoreupati,romance
Amoreupati,drama
"Sweet, Savage Family",action
"Sweet, Savage Family",comedy
"Sweet, Savage Family",romance
"Sweet, Savage Family",family
Someday,romance
A Daughter Just Like You,comedy
A Daughter Just Like You,romance
A Daughter Just Like You,family
A Daughter Just Like You,melodrama
Romance,comedy
Romance,romance
Romance,drama
Surgeon Bong Dal-hee,romance
Surgeon Bong Dal-hee,drama
Surgeon Bong Dal-hee,medical
Surgeon Bong Dal-hee,melodrama
Apgujeong Midnight Sun,family
Love to the End,business
Love to the End,romance
Love to the End,family
Love to the End,melodrama
Sweden Laundry,comedy
Sweden Laundry,romance
Sweden Laundry,drama
Sweden Laundry,supernatural
Family's Honor,comedy
Family's Honor,romance
Family's Honor,drama
Family's Honor,family
One Fine Day,drama
Magic Cellphone,romance
Grandpas Over Flowers Investigation Team,mystery
Grandpas Over Flowers Investigation Team,comedy
Love on a Rooftop,romance
Love on a Rooftop,drama
Love on a Rooftop,family
Love on a Rooftop,melodrama
Conspiracy in the Court,historical
Conspiracy in the Court,drama
Precious Family,romance
Precious Family,drama
Precious Family,family
Byeoleun nae gaseume,romance
Byeoleun nae gaseume,drama
Byeoleun nae gaseume,family
Beating Heart,romance
Beating Heart,life
Beating Heart,drama
Enemies from the Past,romance
Enemies from the Past,family
Enemies from the Past,melodrama
Obeo deo reinbou,music
Obeo deo reinbou,romance
Obeo deo reinbou,youth
Happy Ending,psychological
Happy Ending,romance
Happy Ending,school
Happy Ending,supernatural
I Love Lee Tae-ri,comedy
I Love Lee Tae-ri,romance
I Love Lee Tae-ri,fantasy
I Love Lee Tae-ri,supernatural
Autumn Shower,drama
Autumn Shower,melodrama
Make a Woman Cry,romance
Make a Woman Cry,drama
Make a Woman Cry,family
Make a Woman Cry,melodrama
Love Again,romance
Love Again,life
Love Again,drama
Love Again,family
Love Again,melodrama
Your Neighbor's Wife,mystery
Your Neighbor's Wife,comedy
Your Neighbor's Wife,romance
Your Neighbor's Wife,family
Ad Genius Lee Tae Baek,business
Ad Genius Lee Tae Baek,comedy
Ad Genius Lee Tae Baek,romance
Ad Genius Lee Tae Baek,drama
Yurihwa,romance
Yurihwa,drama
How to Meet a Perfect Neighbor,mystery
How to Meet a Perfect Neighbor,comedy
How to Meet a Perfect Neighbor,romance
The End of the World,mystery
The End of the World,drama
The End of the World,medical
"Please Come Back, Soon-ae",comedy
"Please Come Back, Soon-ae",romance
The Wedding Scheme,comedy
The Wedding Scheme,romance
The Wedding Scheme,family
Don't Hesitate,romance
Don't Hesitate,drama
Into the Flames,historical
Into the Flames,drama
Into the Flames,political
