Kdrama_name,Episodes,start airing,end airing,Original Network,Duration,score,scored by,Ranked,Popularity,Content Rating,Watchers
Extraordinary Attorney Woo,16,29-Jun-22,18-Aug-22,Netflix,77,9.2,7981,4,233,15+ - Teens 15 or older,"32,794"
Squid Game,9," Sep 17, 2021",N/A,Netflix,60,8.5,62498,307,31,18+ Restricted (violence & profanity),"84,003"
Return,20,18-Jun-22,28-Aug-22,Netflix tvN,80,8.9,5024,36,322,15+ - Teens 15 or older,"26,299"
All of Us Are Dead,12," Jan 28, 2022",N/A,Netflix,62,8.4,28245,394,149,18+ Restricted (violence & profanity),"43,470"
A Model Family,10," Aug 12, 2022",N/A,Netflix,43,7.8,270,39018,3838,18+ Restricted (violence & profanity),"2,061"
Pachinko,8,25-Mar-22,29-Apr-22,N/A,54,8.4,2996,491,1057,15+ - Teens 15 or older,"9,619"
Big Mouth,16,29-Jul-22,17-Sep-22,MBC,71,8.7,1899,112,526,15+ - Teens 15 or older,"18,479"
Crash Landing on You,16,14-Dec-19,16-Feb-20,Netflix tvN,85,9,72283,31,9,15+ - Teens 15 or older,"127,083"
Kingdom,6," Jan 25, 2019",N/A,Netflix,51,8.8,27284,70,110,18+ Restricted (violence & profanity),"52,010"
True Beauty,16,9-Dec-20,4-Feb-21,tvN,75,8.3,48592,576,28,15+ - Teens 15 or older,"87,813"
Sweet Home,51,27-Feb-16,21-Aug-16,MBC,70,7.3,355,4869,4336,15+ - Teens 15 or older,"1,694"
Sweet Home,10," Dec 18, 2020",N/A,Netflix,52,8.7,35709,117,75,18+ Restricted (violence & profanity),"63,401"
The Office Blind Date,12,28-Feb-22,5-Apr-22,Netflix SBS,60,8.7,46954,123,59,15+ - Teens 15 or older,"69,541"
Vincenzo,20,20-Feb-21,2-May-21,Netflix tvN,85,9,51371,32,24,15+ - Teens 15 or older,"92,750"
It's Okay to Not Be Okay,16,20-Jun-20,9-Aug-20,Netflix tvN,75,9,71581,26,7,15+ - Teens 15 or older,"129,060"
Undercover,8," Oct 15, 2021",N/A,Netflix,50,8.7,30303,143,115,18+ Restricted (violence & profanity),"50,103"
The King's Affection,20,11-Oct-21,14-Dec-21,KBS2 Netflix,70,8.3,13227,756,270,15+ - Teens 15 or older,"29,629"
Mouse,20,3-Mar-21,19-May-21,tvN,75,8.8,13600,75,185,18+ Restricted (violence & profanity),"37,102"
Hometown Cha-Cha-Cha,16,28-Aug-21,17-Oct-21,Netflix tvN,80,8.8,37424,77,69,15+ - Teens 15 or older,"64,936"
Remarriage & Desires,8," Jul 15, 2022",N/A,Netflix,60,8.1,3210,1283,1464,15+ - Teens 15 or older,"6,846"
Itaewon Class,16,31-Jan-20,21-Mar-20,jTBC Netflix,70,8.5,53074,348,20,15+ - Teens 15 or older,"98,527"
Descendants of the Sun,16,24-Feb-16,14-Apr-16,KBS2,60,8.7,76969,152,3,15+ - Teens 15 or older,"146,651"
What's Wrong with Secretary Kim,16,6-Jun-18,26-Jul-18,tvN,69,8.5,73372,303,6,15+ - Teens 15 or older,"135,552"
The Silent Sea,8," Dec 24, 2021",N/A,Netflix,50,8.2,11156,1005,398,15+ - Teens 15 or older,"22,419"
Snowdrop,16,18-Dec-21,30-Jan-22,jTBC,90,8.5,13731,344,164,15+ - Teens 15 or older,"40,189"
Adamas,16,27-Jul-22,15-Sep-22,tvN,70,7.8,520,2265,1652,15+ - Teens 15 or older,"6,051"
Hellbound,6," Nov 19, 2021",N/A,Netflix,50,7.6,12351,3734,377,18+ Restricted (violence & profanity),"23,193"
Tomorrow,16,1-Apr-22,21-May-22,MBC Netflix,60,8.9,18668,49,166,15+ - Teens 15 or older,"39,650"
Tomorrow,16,3-Feb-17,25-Mar-17,tvN,60,8,14618,1450,178,15+ - Teens 15 or older,"38,152"
Backstreet Rookie,16,19-Jun-20,8-Aug-20,iQiyi SBS,70,7.7,15866,2683,204,15+ - Teens 15 or older,"35,741"
Mr. Sunshine,24,7-Jul-18,30-Sep-18,Netflix tvN,80,8.9,19466,43,96,15+ - Teens 15 or older,"54,332"
Start-Up,16,17-Oct-20,6-Dec-20,Netflix tvN,85,8.1,36256,1122,56,15+ - Teens 15 or older,"70,371"
Flower of Evil,16,29-Jul-20,23-Sep-20,tvN,70,9.1,36081,6,40,15+ - Teens 15 or older,"78,680"
Our Blues,20,9-Apr-22,12-Jun-22,Netflix tvN,70,8.7,6191,121,468,15+ - Teens 15 or older,"19,983"
Nevertheless,10,19-Jun-21,21-Aug-21,jTBC Netflix,70,7.5,28325,4152,104,15+ - Teens 15 or older,"53,269"
Run On,16,16-Dec-20,4-Feb-21,jTBC Netflix,70,8.3,30680,595,80,15+ - Teens 15 or older,"60,909"
Our Beloved Summer,16,6-Dec-21,25-Jan-22,Netflix SBS,60,8.8,25906,89,118,15+ - Teens 15 or older,"49,682"
Stranger,16,10-Jun-17,30-Jul-17,Netflix tvN,70,8.9,18446,53,143,15+ - Teens 15 or older,"44,992"
Doom at Your Service,16,10-May-21,29-Jun-21,tvN ViuTV,65,8.4,29249,433,82,15+ - Teens 15 or older,"59,786"
Hotel Del Luna,16,13-Jul-19,1-Sep-19,tvN,80,8.7,56289,147,13,15+ - Teens 15 or older,"117,551"
Strong Girl Bong-soon,16,24-Feb-17,15-Apr-17,jTBC,67,8.7,91919,135,2,15+ - Teens 15 or older,"160,055"
Happiness,12,5-Nov-21,11-Dec-21,tvN,65,8.9,24213,42,137,15+ - Teens 15 or older,"45,623"
The Uncanny Counter,16,28-Nov-20,24-Jan-21,Netflix OCN,70,8.8,29350,63,88,15+ - Teens 15 or older,"56,913"
W,16,20-Jul-16,14-Sep-16,MBC,60,8.5,75296,330,5,15+ - Teens 15 or older,"140,326"
Vagabond,16,20-Sep-19,23-Nov-19,Netflix SBS,70,8.5,28428,310,79,15+ - Teens 15 or older,"62,165"
The K2,16,23-Sep-16,12-Nov-16,tvN,60,8.2,38903,975,36,15+ - Teens 15 or older,"80,701"
Eve,16,1-Jun-22,21-Jul-22,tvN,65,8,4501,1515,635,18+ Restricted (violence & profanity),"15,888"
She Would Never Know,16,18-Jan-21,9-Mar-21,iQiyi jTBC,65,8.1,11032,1335,287,15+ - Teens 15 or older,"28,278"
Tell Me Your Wish,16,10-Aug-22,29-Sep-22,KBS2 ViuTV,70,8.1,490,36016,1218,15+ - Teens 15 or older,"8,368"
Tell Me Your Wish,122,23-Jun-14,2-Jan-15,MBC,35,7.2,59,48021,10009,15+ - Teens 15 or older,421
Why Her,16,3-Jun-22,23-Jul-22,SBS Viki ViuTV,70,8.2,5680,1012,423,15+ - Teens 15 or older,"21,653"
While You Were Sleeping,120,16-May-11,9-Nov-11,SBS,33,7.7,283,39981,4867,13+ - Teens 13 or older,"1,437"
Tale of the Nine Tailed,16,7-Oct-20,3-Dec-20,tvN,70,8.4,29869,536,65,15+ - Teens 15 or older,"66,900"
Extraordinary You,32,2-Oct-19,21-Nov-19,MBC,35,8.4,40681,466,33,13+ - Teens 13 or older,"82,907"
Reply 1988,20,6-Nov-15,16-Jan-16,tvN,95,9.1,33789,15,46,15+ - Teens 15 or older,"76,404"
Hospital Playlist,12,12-Mar-20,28-May-20,Netflix tvN,90,9.1,32808,9,54,15+ - Teens 15 or older,"72,047"
Boys Over Flowers,25,5-Jan-09,31-Mar-09,KBS2,65,7.6,72974,3520,8,15+ - Teens 15 or older,"128,527"
My Mister,16,21-Mar-18,17-May-18,tvN,77,9.1,20622,13,99,15+ - Teens 15 or older,"54,028"
Sell Your Haunted House,16,14-Apr-21,9-Jun-21,KBS2,70,8.4,8171,508,490,15+ - Teens 15 or older,"19,283"
Because This Is My First Life,16,9-Oct-17,28-Nov-17,tvN,70,8.5,46139,350,32,15+ - Teens 15 or older,"83,211"
Monster,16,19-Feb-21,10-Apr-21,jTBC,65,8.8,15102,86,193,15+ - Teens 15 or older,"36,753"
Today's Webtoon,16,29-Jul-22,17-Sep-22,SBS Viki ViuTV,70,8.2,1099,863,956,15+ - Teens 15 or older,"10,633"
Taxi Driver,16,9-Apr-21,29-May-21,SBS,65,8.8,14646,79,222,18+ Restricted (violence & profanity),"34,101"
The Empress Ki,51,28-Oct-13,29-Apr-14,MBC,65,8.6,14284,223,205,15+ - Teens 15 or older,"35,494"
My Liberation Diary,16,9-Apr-22,29-May-22,jTBC Netflix,67,8.7,8439,155,448,15+ - Teens 15 or older,"20,498"
My Liberation Diary,16,9-Apr-22,29-May-22,jTBC Netflix,67,8.7,8439,155,448,15+ - Teens 15 or older,"20,498"
The Sound of Magic,6," May  6, 2022",N/A,Netflix,70,8.4,13626,493,268,15+ - Teens 15 or older,"30,098"
Something in the Rain,16,30-Mar-18,19-May-18,jTBC Netflix,75,8,23378,1655,98,15+ - Teens 15 or older,"54,155"
My Roommate Is a Gumiho,16,26-May-21,15-Jul-21,iQiyi tvN,70,8.4,26655,482,100,15+ - Teens 15 or older,"53,829"
My Love from Another Star,21,18-Dec-13,27-Feb-14,SBS,58,8.6,67602,240,11,15+ - Teens 15 or older,"125,066"
Star's Lover,21,18-Dec-13,27-Feb-14,SBS,58,8.6,67602,240,11,15+ - Teens 15 or older,"125,066"
Healer,20,8-Dec-14,10-Feb-15,KBS2,60,8.9,58226,51,15,15+ - Teens 15 or older,"114,997"
Shooting Stars,16,22-Apr-22,11-Jun-22,tvN,60,8.4,15035,416,226,15+ - Teens 15 or older,"33,886"
Juvenile Justice,10," Feb 25, 2022",N/A,Netflix,62,8.6,7843,229,655,18+ Restricted (violence & profanity),"15,305"
Extracurricular,10," Apr 29, 2020",N/A,Netflix,55,8.5,27158,371,97,18+ Restricted (violence & profanity),"54,315"
D.P.,6," Aug 27, 2021",N/A,Netflix,50,8.8,16556,69,242,15+ - Teens 15 or older,"31,996"
Dr. Romantic,20,7-Nov-16,16-Jan-17,SBS,60,8.7,22806,142,122,15+ - Teens 15 or older,"48,470"
Weightlifting Fairy Kim Bok-Joo,16,16-Nov-16,11-Jan-17,MBC,60,8.8,81306,71,4,15+ - Teens 15 or older,"145,516"
Heirs,20,9-Oct-13,12-Dec-13,SBS,60,7.6,68040,3656,10,15+ - Teens 15 or older,"126,414"
Anna,6,24-Jun-22,8-Jul-22,N/A,60,7.9,2230,2010,1287,15+ - Teens 15 or older,"7,970"
The Tale of Nokdu,32,30-Sep-19,25-Nov-19,KBS2,33,8.4,18514,506,131,15+ - Teens 15 or older,"46,221"
Romance Is a Bonus Book,16,26-Jan-19,17-Mar-19,Netflix tvN,62,8.2,38232,859,43,15+ - Teens 15 or older,"78,398"
Signal,16,22-Jan-16,12-Mar-16,tvN,75,9,26946,35,72,15+ - Teens 15 or older,"64,571"
Prison Playbook,16,22-Nov-17,18-Jan-18,Netflix tvN,92,9,21977,17,84,15+ - Teens 15 or older,"58,677"
Yumi's Cells,14,17-Sep-21,30-Oct-21,tvN,70,8.5,13439,362,258,13+ - Teens 13 or older,"30,762"
Ghost Doctor,16,3-Jan-22,22-Feb-22,tvN,70,8.6,9188,177,416,15+ - Teens 15 or older,"21,811"
Doctor Lawyer,16,3-Jun-22,23-Jul-22,MBC,63,7.9,1451,2084,1460,15+ - Teens 15 or older,"6,889"
Good Doctor,20,5-Aug-13,8-Oct-13,KBS2,65,8.3,17793,562,183,15+ - Teens 15 or older,"37,694"
Beauty Inside,16,1-Oct-18,20-Nov-18,jTBC,70,8.4,27151,519,81,15+ - Teens 15 or older,"60,364"
Oh My Venus,16,16-Nov-15,5-Jan-16,KBS2,60,8.3,42490,722,41,13+ - Teens 13 or older,"78,639"
Fight for My Way,16,22-May-17,11-Jul-17,KBS2,60,8.5,51253,326,19,15+ - Teens 15 or older,"99,939"
Love in the Moonlight,18,22-Aug-16,18-Oct-16,KBS2,59,8.2,29757,824,68,15+ - Teens 15 or older,"65,161"
Her Private Life,16,10-Apr-19,30-May-19,tvN,75,8.4,44900,470,25,15+ - Teens 15 or older,"88,498"
SKY Castle,20,23-Nov-18,1-Feb-19,jTBC,75,8.9,23239,47,95,15+ - Teens 15 or older,"55,126"
Do You Like Brahms?,16,31-Aug-20,20-Oct-20,SBS,65,8.1,9848,1221,407,15+ - Teens 15 or older,"22,038"
Suspicious Partner,40,10-May-17,13-Jul-17,SBS,30,8.3,46017,670,23,15+ - Teens 15 or older,"93,220"
The World of the Married,16,27-Mar-20,16-May-20,jTBC,80,8.5,13650,364,213,18+ Restricted (violence & profanity),"34,993"
Pinocchio,20,12-Nov-14,15-Jan-15,SBS,58,8.4,56373,463,14,15+ - Teens 15 or older,"115,082"
The Devil Judge,16,3-Jul-21,22-Aug-21,tvN,75,8.8,14457,76,179,15+ - Teens 15 or older,"38,079"
A Korean Odyssey,20,23-Dec-17,4-Mar-18,Netflix tvN,80,8.3,34146,779,55,15+ - Teens 15 or older,"71,304"
Bulgasal,16,18-Dec-21,6-Feb-22,Netflix tvN,75,8.3,7210,677,564,15+ - Teens 15 or older,"17,482"
Record of Youth,16,7-Sep-20,27-Oct-20,Netflix tvN,75,7.5,19022,3871,154,15+ - Teens 15 or older,"42,213"
The Iron Empress,20,12-Dec-20,14-Feb-21,tvN,80,9,28256,23,92,15+ - Teens 15 or older,"55,617"
Black,18,14-Oct-17,10-Dec-17,OCN,80,8.1,19052,1208,142,15+ - Teens 15 or older,"45,067"
Love Alarm,8," Aug 22, 2019",N/A,Netflix,50,7.4,42637,4311,42,13+ - Teens 13 or older,"78,616"
My Country: The New Age,16,4-Oct-19,23-Nov-19,jTBC Netflix,80,8.4,6865,501,506,15+ - Teens 15 or older,"18,866"
I'm Not a Robot,32,6-Dec-17,25-Jan-18,MBC,35,8.4,50968,407,18,15+ - Teens 15 or older,"100,598"
Hell Is Other People,10,31-Aug-19,6-Oct-19,OCN,60,8.7,20202,166,132,15+ - Teens 15 or older,"46,145"
Youth of May,12,3-May-21,8-Jun-21,KBS2,70,8.8,12543,81,211,15+ - Teens 15 or older,"35,100"
One Ordinary Day,8,27-Nov-21,19-Dec-21,ViuTV,70,8.5,5147,319,588,18+ Restricted (violence & profanity),"17,001"
Bad and Crazy,12,17-Dec-21,28-Jan-22,iQiyi tvN,70,8.6,11281,255,235,15+ - Teens 15 or older,"32,287"
The Good Detective,16,6-Jul-20,25-Aug-20,jTBC,70,8.3,4634,554,884,15+ - Teens 15 or older,"11,730"
The Fiery Priest,40,15-Feb-19,20-Apr-19,SBS,35,8.7,8601,139,415,15+ - Teens 15 or older,"21,818"
Clean with Passion for Now,16,26-Nov-18,4-Feb-19,jTBC,70,7.7,19991,2713,152,15+ - Teens 15 or older,"42,684"
Dr. Brain,6,3-Nov-21,10-Dec-21,N/A,60,7.9,1528,1711,1965,15+ - Teens 15 or older,"4,891"
Voice,16,14-Jan-17,12-Mar-17,OCN,60,8.5,14483,322,241,15+ - Teens 15 or older,"32,002"
Alhambeura Goongjeonui Chooeok,16,1-Dec-18,20-Jan-19,Netflix tvN,70,8.1,26540,1293,83,15+ - Teens 15 or older,"58,816"
"Poong, the Joseon Psychiatrist",12,1-Aug-22,6-Sep-22,tvN,75,8.1,344,36238,2232,15+ - Teens 15 or older,"4,233"
Stove League,16,13-Dec-19,14-Feb-20,SBS,62,8.7,7892,146,541,15+ - Teens 15 or older,"18,035"
Rookie Historian Goo Hae-Ryung,40,17-Jul-19,26-Sep-19,MBC Netflix,35,8.3,15958,745,191,15+ - Teens 15 or older,"36,785"
My Secret Romance,13,17-Apr-17,30-May-17,OCN,60,7.6,37596,3251,61,15+ - Teens 15 or older,"69,212"
Lovers of the Red Sky,16,30-Aug-21,26-Oct-21,SBS Viki ViuTV,70,8.1,8977,1066,366,15+ - Teens 15 or older,"23,698"
Insider,16,8-Jun-22,28-Jul-22,jTBC,64,8,1151,1421,1560,18+ Restricted (violence & profanity),"6,417"
18 Again,16,21-Sep-20,10-Nov-20,jTBC,70,8.7,21373,104,125,15+ - Teens 15 or older,"47,451"
Touch Your Heart,16,6-Feb-19,28-Mar-19,tvN,70,8.3,36234,669,51,15+ - Teens 15 or older,"74,166"
Lawless Lawyer,16,12-May-18,1-Jul-18,tvN,66,8.3,19011,682,141,15+ - Teens 15 or older,"45,082"
Police University,16,9-Aug-21,5-Oct-21,KBS2,70,7.9,7167,1689,494,15+ - Teens 15 or older,"19,125"
Melting Me Softly,16,28-Sep-19,17-Nov-19,tvN,65,7.6,18182,3173,138,15+ - Teens 15 or older,"45,469"
Love All Play,16,20-Apr-22,9-Jun-22,KBS2,70,8.4,6186,475,566,15+ - Teens 15 or older,"17,475"
Uncontrollably Fond,20,6-Jul-16,8-Sep-16,KBS2,60,8.1,28154,1213,71,15+ - Teens 15 or older,"64,683"
One Spring Night,32,22-May-19,11-Jul-19,MBC Netflix,35,8.4,17215,537,201,15+ - Teens 15 or older,"36,204"
100 Days My Prince,16,10-Sep-18,30-Oct-18,tvN,75,8.3,21251,553,136,15+ - Teens 15 or older,"45,813"
Kiss Sixth Sense,12,25-May-22,29-Jun-22,N/A,70,8.1,3802,1229,990,15+ - Teens 15 or older,"10,269"
Again My Life,16,8-Apr-22,28-May-22,SBS ViuTV,65,8.3,5476,609,598,15+ - Teens 15 or older,"16,793"
Dream High,16,30-Jan-12,20-Mar-12,KBS2,65,6.9,17942,5945,218,15+ - Teens 15 or older,"34,365"
The Bride of Habaek,16,3-Jul-17,22-Aug-17,tvN,70,7.4,32110,4427,60,15+ - Teens 15 or older,"69,315"
Jingkeuseuui Yeonin,16,15-Jun-22,4-Aug-22,KBS2 Viki,70,7.4,2579,4380,925,15+ - Teens 15 or older,"11,117"
She Was Pretty,16,16-Sep-15,11-Nov-15,MBC,60,8.1,46053,1266,26,15+ - Teens 15 or older,"88,230"
Law School,16,14-Apr-21,9-Jun-21,jTBC Netflix,65,8.7,15874,157,214,15+ - Teens 15 or older,"34,708"
"Kill Me, Heal Me",20,7-Jan-15,12-Mar-15,MBC,62,8.7,43239,124,22,15+ - Teens 15 or older,"93,311"
Aelliseu,16,28-Aug-20,24-Oct-20,SBS,70,7.4,4817,4639,798,15+ - Teens 15 or older,"13,007"
When the Weather is Fine,16,24-Feb-20,21-Apr-20,jTBC Viki,60,8.3,13729,641,172,15+ - Teens 15 or older,"38,505"
City Hunter,20,25-May-11,28-Jul-11,SBS,70,8.4,39674,534,45,15+ - Teens 15 or older,"77,211"
Haereul poomeun dal,20,4-Jan-12,15-Mar-12,MBC,65,8.4,22890,434,117,15+ - Teens 15 or older,"49,847"
The Crowned Clown,16,7-Jan-19,4-Mar-19,tvN,80,8.4,8100,443,388,15+ - Teens 15 or older,"22,672"
Military Prosecutor Do Bae Man,16,28-Feb-22,26-Apr-22,tvN,65,8.4,4964,498,715,15+ - Teens 15 or older,"14,249"
Oh My Ghost,16,3-Jul-15,22-Aug-15,tvN,60,8.3,42527,573,38,13+ - Teens 13 or older,"79,935"
Save Me,16,5-Aug-17,24-Sep-17,OCN,60,8.6,19583,261,114,15+ - Teens 15 or older,"50,655"
Live Up to Your Name,16,12-Aug-17,1-Oct-17,tvN,70,8.3,10073,758,435,15+ - Teens 15 or older,"21,114"
My Unfamiliar Family,16,1-Jun-20,21-Jul-20,tvN,75,8.4,2620,473,1345,15+ - Teens 15 or older,"7,546"
Keuleiji Leobeu,16,7-Mar-22,26-Apr-22,KBS2,65,8.3,8957,654,418,15+ - Teens 15 or older,"21,773"
The Innocent Man,20,12-Sep-12,15-Nov-12,KBS2,62,8.1,22255,1223,146,15+ - Teens 15 or older,"44,692"
Encounter,16,28-Nov-18,24-Jan-19,tvN,69,8.1,13225,1156,228,15+ - Teens 15 or older,"33,308"
Kairos,16,26-Oct-20,22-Dec-20,MBC,70,8.5,4853,296,668,15+ - Teens 15 or older,"15,089"
"Bring It On, Ghost",16,11-Jul-16,30-Aug-16,tvN,60,8.2,31821,965,70,15+ - Teens 15 or older,"64,721"
Tunnel,16,25-Mar-17,21-May-17,OCN,64,8.7,15802,161,212,15+ - Teens 15 or older,"35,028"
The Veil,12,17-Sep-21,23-Oct-21,MBC,70,8.3,4443,612,849,15+ - Teens 15 or older,"12,265"
Private Lives,16,7-Oct-20,26-Nov-20,jTBC Netflix,75,7.5,5906,4161,609,15+ - Teens 15 or older,"16,512"
My Golden Life,52,2-Sep-17,11-Mar-18,KBS2,65,7.9,3311,1824,1077,15+ - Teens 15 or older,"9,479"
The 1st Shop of Coffee Prince,17,2-Jul-07,28-Aug-07,MBC,60,8.3,45701,741,35,15+ - Teens 15 or older,"82,703"
Bridal Mask,28,30-May-12,6-Sep-12,KBS2,65,8.6,10465,205,310,15+ - Teens 15 or older,"27,030"
"Father, I'll Take Care of You",50,12-Nov-16,7-May-17,MBC,65,7.6,1262,3709,2170,15+ - Teens 15 or older,"4,383"
A Love So Beautiful,24,28-Dec-20,20-Feb-21,Daum Kakao TV Netflix,20,7.8,12841,2351,354,13+ - Teens 13 or older,"24,586"
Mystic Pop-up Bar,12,20-May-20,25-Jun-20,jTBC Netflix,68,8.6,19286,258,161,15+ - Teens 15 or older,"40,517"
The Smile Has Left Your Eyes,16,3-Oct-18,22-Nov-18,tvN,64,8.3,16803,631,128,15+ - Teens 15 or older,"47,129"
My Secret Terrius,32,27-Sep-18,15-Nov-18,MBC,35,8.3,12173,659,307,15+ - Teens 15 or older,"27,069"
School 2017,16,17-Jul-17,5-Sep-17,KBS2,60,8.2,25313,968,105,15+ - Teens 15 or older,"53,069"
Doctor John,32,19-Jul-19,7-Sep-19,SBS,35,8.5,13420,312,272,15+ - Teens 15 or older,"29,564"
More Than Friends,16,25-Sep-20,28-Nov-20,jTBC Viki,68,7.4,6065,4598,578,15+ - Teens 15 or older,"17,098"
Designated Survivor: 60 Days,16,1-Jul-19,20-Aug-19,Netflix tvN,70,8.6,4969,232,861,15+ - Teens 15 or older,"12,000"
Bad Guys,11,4-Oct-14,13-Dec-14,OCN,65,8.5,12892,276,262,18+ Restricted (violence & profanity),"30,388"
Yeopgijeogin Geunyeo,32,29-May-17,18-Jul-17,SBS,30,7.8,6894,2495,519,G - All Ages,"18,577"
When the Camellia Blooms,40,18-Sep-19,21-Nov-19,KBS2 Netflix,35,8.5,20142,332,126,15+ - Teens 15 or older,"47,365"
My Strange Hero,32,10-Dec-18,4-Feb-19,SBS,35,8.1,14010,1057,187,15+ - Teens 15 or older,"37,002"
Misty,16,2-Feb-18,24-Mar-18,jTBC,70,8.3,3644,606,1006,15+ - Teens 15 or older,"10,077"
Mom,16,22-Feb-20,19-Apr-20,Netflix tvN,70,8.5,14569,329,248,15+ - Teens 15 or older,"31,690"
Naesungjukin Boseu,16,16-Jan-17,14-Mar-17,tvN,70,7.9,25050,2017,94,15+ - Teens 15 or older,"55,226"
Find Me in Your Memory,32,18-Mar-20,13-May-20,MBC,35,8.2,10953,850,296,15+ - Teens 15 or older,"27,589"
Adult Trainee,7,12-Nov-21,26-Nov-21,N/A,40,7.9,7043,1944,701,Not Yet Rated,"14,492"
Bloody Heart,16,2-May-22,21-Jun-22,KBS2,70,8.2,1726,922,1418,15+ - Teens 15 or older,"7,097"
Cheese in the Trap,16,4-Jan-16,1-Mar-16,tvN,65,7.5,41951,4101,29,15+ - Teens 15 or older,"86,247"
Familiar Wife,16,1-Aug-18,20-Sep-18,tvN,75,8.1,9009,1148,440,15+ - Teens 15 or older,"20,941"
High Society,16,8-Jun-15,28-Jul-15,SBS,60,7.3,11833,5007,289,Not Yet Rated,"28,081"
Shine or Go Crazy,24,19-Jan-15,7-Apr-15,MBC,65,7.7,2825,2885,1365,15+ - Teens 15 or older,"7,466"
Racket Boys,16,31-May-21,9-Aug-21,Netflix SBS,75,8.8,8239,85,504,15+ - Teens 15 or older,"18,910"
"Now, We Are Breaking Up",16,12-Nov-21,8-Jan-22,SBS ViuTV,60,6.9,5496,5962,542,15+ - Teens 15 or older,"18,023"
Investigation Partners,32,14-May-18,17-Jul-18,MBC,35,8.4,4729,543,914,15+ - Teens 15 or older,"11,326"
A Wonderful Sight,12,30-Oct-21,12-Dec-21,jTBC Netflix,70,8.2,3803,867,1046,15+ - Teens 15 or older,"9,753"
Nothing to Lose,32,22-Nov-17,11-Jan-18,SBS,35,7.7,2580,2664,1342,15+ - Teens 15 or older,"7,573"
River Where the Moon Rises,20,15-Feb-21,20-Apr-21,KBS2 Viki ViuTV,65,7.9,3825,1917,677,15+ - Teens 15 or older,"14,945"
Woori the Virgin,14,9-May-22,21-Jun-22,SBS,70,6.6,3992,6204,852,15+ - Teens 15 or older,"12,198"
Rookie Cops,16,26-Jan-22,16-Mar-22,N/A,60,8.3,5773,581,628,15+ - Teens 15 or older,"16,054"
Jirisan,16,23-Oct-21,12-Dec-21,iQiyi tvN,70,8.2,5731,987,516,15+ - Teens 15 or older,"18,644"
Cunning Single Lady,16,27-Feb-14,24-Apr-14,MBC,62,7.8,13894,2153,315,15+ - Teens 15 or older,"26,541"
The Ghost Detective,32,5-Sep-18,31-Oct-18,KBS2,35,7.8,3306,2516,976,15+ - Teens 15 or older,"10,420"
Tell Me What You Saw,16,1-Feb-20,22-Mar-20,OCN,60,8.2,5225,905,819,15+ - Teens 15 or older,"12,740"
Dakteoseu,20,20-Jun-16,23-Aug-16,SBS,60,7.9,29244,2098,78,15+ - Teens 15 or older,"62,486"
Strongest Deliveryman,16,4-Aug-17,23-Sep-17,KBS2,52,7.9,9660,1939,390,15+ - Teens 15 or older,"22,578"
Becoming Witch,12,25-Jun-22,10-Sep-22,TV Chosun,70,7.4,93,44868,4732,15+ - Teens 15 or older,"1,495"
Rugal,16,28-Mar-20,17-May-20,Netflix OCN,65,7.6,5305,3562,702,15+ - Teens 15 or older,"14,489"
Where Stars Land,32,1-Oct-18,26-Nov-18,SBS Viki,30,7.9,12352,1870,267,15+ - Teens 15 or older,"30,112"
Still 17,32,23-Jul-18,18-Sep-18,SBS,35,8.5,27706,335,90,15+ - Teens 15 or older,"56,506"
"It's Okay, That's Love",16,23-Jul-14,11-Sep-14,SBS,60,8.6,37480,184,47,15+ - Teens 15 or older,"76,395"
Angel's Last Mission: Love,32,22-May-19,11-Jul-19,KBS2,35,8.5,28512,379,77,15+ - Teens 15 or older,"62,736"
Good Manager,20,25-Jan-17,30-Mar-17,KBS2,60,8.6,13071,213,256,15+ - Teens 15 or older,"30,802"
Hello Monster,16,22-Jun-15,11-Aug-15,KBS2,70,8.4,23057,430,106,15+ - Teens 15 or older,"52,577"
Another Miss Oh,18,2-May-16,28-Jun-16,tvN,70,8.2,23411,854,130,15+ - Teens 15 or older,"46,955"
Doctor Prisoner,32,20-Mar-19,15-May-19,KBS2,35,8.4,6312,485,570,15+ - Teens 15 or older,"17,378"
Chocolate,16,29-Nov-19,18-Jan-20,jTBC Netflix,65,8.1,9537,1097,426,15+ - Teens 15 or older,"21,519"
The School Nurse Files,6," Sep 25, 2020",N/A,Netflix,51,7.4,8425,4734,482,15+ - Teens 15 or older,"19,411"
Memorist,16,11-Mar-20,30-Apr-20,tvN,65,8.4,11682,414,265,15+ - Teens 15 or older,"30,325"
Misaeng,20,17-Oct-14,20-Dec-14,tvN,75,8.7,10695,133,301,15+ - Teens 15 or older,"27,469"
Love with Flaws,32,27-Nov-19,16-Jan-20,MBC,30,7.8,9856,2503,290,15+ - Teens 15 or older,"28,036"
You Are My Spring,16,5-Jul-21,24-Aug-21,Netflix tvN,70,8.1,6221,1288,629,15+ - Teens 15 or older,"16,014"
Doctor Stranger,20,5-May-14,8-Jul-14,SBS,60,7.9,29100,1970,76,15+ - Teens 15 or older,"63,002"
He is Psychometric,16,11-Mar-19,30-Apr-19,tvN,64,8.4,27992,527,66,15+ - Teens 15 or older,"65,891"
"From Now On, Showtime!",16,23-Apr-22,12-Jun-22,MBC ViuTV,73,8.4,5037,423,725,15+ - Teens 15 or older,"14,120"
Father Is Strange,52,4-Mar-17,27-Aug-17,KBS2,66,8.6,10148,225,340,15+ - Teens 15 or older,"25,175"
Train,12,11-Jul-20,16-Aug-20,OCN,60,8.4,6477,437,597,15+ - Teens 15 or older,"16,806"
The Cursed,12,10-Feb-20,17-Mar-20,tvN,63,7.9,1927,2105,1694,15+ - Teens 15 or older,"5,812"
You Are Beautiful,16,7-Oct-09,26-Nov-09,SBS,65,8,49391,1424,37,15+ - Teens 15 or older,"80,492"
To the Beautiful You,16,15-Aug-12,4-Oct-12,SBS,64,7.6,31374,3663,87,15+ - Teens 15 or older,"57,094"
Nobody Knows,16,2-Mar-20,21-Apr-20,SBS,70,8.5,3784,279,687,15+ - Teens 15 or older,"14,683"
Heartless City,20,27-May-13,30-Jul-13,jTBC,60,8.6,9169,242,385,15+ - Teens 15 or older,"22,720"
Undercover,16,23-Apr-21,12-Jun-21,jTBC,75,7.9,1150,1683,1761,15+ - Teens 15 or older,"5,502"
Peurodyusa,12,15-May-15,20-Jun-15,KBS2,85,7.6,13807,3620,221,15+ - Teens 15 or older,"34,128"
Kill It,12,23-Mar-19,28-Apr-19,OCN,60,8.2,11151,888,260,15+ - Teens 15 or older,"30,672"
Mad Dog,16,11-Oct-17,30-Nov-17,KBS2,60,8.4,10517,445,319,15+ - Teens 15 or older,"26,410"
Man to Man,16,21-Apr-17,10-Jun-17,jTBC,65,7.8,11132,2285,314,15+ - Teens 15 or older,"26,570"
High Kick!,167,6-Nov-06,13-Jul-07,MBC,30,8.1,1202,1227,2418,13+ - Teens 13 or older,"3,832"
Color Rush,8,30-Dec-20,21-Jan-21,LINE TV Viki ViuTV,15,7.7,22802,2772,202,15+ - Teens 15 or older,"36,151"
VIP,32,28-Oct-19,24-Dec-19,SBS,30,8,3767,1445,1026,15+ - Teens 15 or older,"9,949"
Seven Day Queen,20,31-May-17,3-Aug-17,KBS2,60,8.3,6406,765,536,15+ - Teens 15 or older,"18,183"
Birth of a Beauty,21,1-Nov-14,11-Jan-15,SBS,60,7.5,13829,3940,277,15+ - Teens 15 or older,"29,315"
Imitation,12,7-May-21,23-Jul-21,KBS2 Viki,70,8.1,10623,1348,332,15+ - Teens 15 or older,"25,950"
Welcome to Wedding Hell,12,23-May-22,15-Jun-22,Daum Kakao TV Netflix,38,7.3,1161,5133,2261,15+ - Teens 15 or older,"4,180"
School 2021,16,24-Nov-21,13-Jan-22,KBS2 Viki,63,8,4495,1613,634,15+ - Teens 15 or older,"15,905"
Once Again,100,28-Mar-20,13-Sep-20,KBS2,35,8.6,4055,231,954,15+ - Teens 15 or older,"10,661"
Dear X Who Doesn't Love Me,10,14-Jul-22,28-Jul-22,iQiyi Viki,30,7.1,583,5491,3038,15+ - Teens 15 or older,"2,879"
The Light in Your Eyes,12,11-Feb-19,19-Mar-19,jTBC Viki,60,8.2,6991,957,430,15+ - Teens 15 or older,"21,325"
Watcher,16,6-Jul-19,25-Aug-19,OCN,65,8.3,4108,655,779,15+ - Teens 15 or older,"13,350"
Live,18,10-Mar-18,6-May-18,Netflix tvN,75,8.7,7114,160,502,15+ - Teens 15 or older,"18,992"
The King 2 Hearts,20,21-Mar-12,24-May-12,MBC,65,8.2,18225,785,174,15+ - Teens 15 or older,"38,489"
Life on Mars,16,9-Jun-18,5-Aug-18,OCN,65,8.8,8719,82,361,15+ - Teens 15 or older,"24,055"
Lost,16,4-Sep-21,24-Oct-21,iQiyi jTBC,70,8.4,2358,410,1067,15+ - Teens 15 or older,"9,558"
"Hello, Me!",16,17-Feb-21,8-Apr-21,KBS2 Netflix,70,8,6003,1475,741,15+ - Teens 15 or older,"13,751"
My Absolute Boyfriend,40,15-May-19,11-Jul-19,SBS Viki,35,7.4,6753,4698,459,15+ - Teens 15 or older,"20,147"
Oh My Baby,16,13-May-20,2-Jul-20,tvN,65,7.8,4174,2354,930,15+ - Teens 15 or older,"11,066"
"At A Distance, Spring Is Green",12,14-Jun-21,20-Jul-21,iQiyi KBS2 Viki,63,8.3,10123,559,341,15+ - Teens 15 or older,"25,119"
Search,10,17-Oct-20,15-Nov-20,OCN,60,8.2,5412,932,708,15+ - Teens 15 or older,"14,356"
Operation Proposal,16,8-Feb-12,29-Mar-12,TV Chosun,65,7.3,4204,4892,980,13+ - Teens 13 or older,"10,392"
Young Lady and Gentleman,52,25-Sep-21,27-Mar-22,KBS2,70,7.3,2721,4871,1165,15+ - Teens 15 or older,"8,765"
Live On,8,17-Nov-20,12-Jan-21,jTBC Naver TV Cast Viki,63,8.2,8105,940,557,15+ - Teens 15 or older,"17,691"
So Not Worth It,12," Jun 18, 2021",N/A,Netflix,35,7.9,7755,1809,641,15+ - Teens 15 or older,"15,669"
Reply 1994,21,18-Oct-13,28-Dec-13,tvN,77,8.1,14669,1182,182,13+ - Teens 13 or older,"37,706"
Melancholia,16,10-Nov-21,30-Dec-21,tvN,70,7.8,4136,2398,752,15+ - Teens 15 or older,"13,680"
The Best Hit,32,2-Jun-17,22-Jul-17,KBS2,30,8.1,14595,1177,189,15+ - Teens 15 or older,"36,903"
Life,16,23-Jul-18,11-Sep-18,jTBC Netflix,70,8.1,4772,1150,626,15+ - Teens 15 or older,"16,096"
Awaken,16,30-Nov-20,19-Jan-21,tvN,70,8.3,4319,737,865,15+ - Teens 15 or older,"11,947"
Graceful Family,16,21-Aug-19,17-Oct-19,MBN,80,8.3,7766,602,507,15+ - Teens 15 or older,"18,850"
The Lady in Dignity,20,16-Jun-17,19-Aug-17,jTBC,60,8.1,1903,1144,1577,15+ - Teens 15 or older,"6,344"
When a Man Loves,20,3-Apr-13,6-Jun-13,MBC,65,6.8,4314,6012,1008,15+ - Teens 15 or older,"10,075"
Rooftop Prince,20,21-Mar-12,24-May-12,SBS,65,8.2,27611,961,108,15+ - Teens 15 or older,"52,337"
Top Management,16,31-Oct-18,16-Nov-18,N/A,30,7.7,3980,3059,786,G - All Ages,"13,288"
The Scholar Who Walks the Night,20,8-Jul-15,10-Sep-15,MBC,60,7.8,11814,2244,250,15+ - Teens 15 or older,"31,276"
A Piece of Your Mind,12,23-Mar-20,28-Apr-20,tvN,71,8.2,9692,947,324,15+ - Teens 15 or older,"26,146"
Chimera,16,30-Oct-21,19-Dec-21,OCN,65,8.1,1829,1194,1568,15+ - Teens 15 or older,"6,378"
Hometown,12,22-Sep-21,28-Oct-21,tvN,70,7.5,1277,3973,1950,15+ - Teens 15 or older,"4,922"
A Witch's Love,16,14-Apr-14,10-Jun-14,tvN,60,8,11588,1590,339,15+ - Teens 15 or older,"25,346"
Blood,20,16-Feb-15,21-Apr-15,KBS2,65,7.4,19695,4502,148,15+ - Teens 15 or older,"43,814"
Modooui Geojitmal,16,12-Oct-19,1-Dec-19,Netflix OCN,60,8,2767,1601,1300,15+ - Teens 15 or older,"7,886"
Criminal Minds,20,26-Jul-17,28-Sep-17,tvN,60,7.8,6206,2301,483,15+ - Teens 15 or older,"19,404"
Only One Person,16,20-Dec-21,8-Feb-22,jTBC,70,7.9,2717,1830,906,15+ - Teens 15 or older,"11,463"
Black Knight,6,2022,?,Netflix,N/A,N/A,N/A,32031,3294,15+ - Teens 15 or older,"2,564"
Black Knight,20,6-Dec-17,8-Feb-18,KBS2,65,7.2,4501,5336,854,15+ - Teens 15 or older,"12,140"
Entourage,16,4-Nov-16,24-Dec-16,tvN,70,6.8,2030,6013,1082,15+ - Teens 15 or older,"9,448"
Catch the Ghost,16,21-Oct-19,10-Dec-19,tvN,65,8.1,6441,1082,531,15+ - Teens 15 or older,"18,324"
Come and Hug Me,32,16-May-18,19-Jul-18,MBC,35,8.4,16377,509,157,15+ - Teens 15 or older,"41,720"
I Wanna Hear Your Song,32,5-Aug-19,24-Sep-19,KBS2,35,7.5,3421,3818,985,15+ - Teens 15 or older,"10,340"
Secret Royal Inspector Joy,16,8-Nov-21,28-Dec-21,tvN,60,7.9,4126,2116,745,15+ - Teens 15 or older,"13,731"
The Sound of Your Heart,20,7-Nov-16,28-Nov-16,Naver TV Cast,15,8.3,6569,584,684,15+ - Teens 15 or older,"14,774"
Squad 38,16,17-Jun-16,6-Aug-16,OCN,60,8.1,6301,1090,591,15+ - Teens 15 or older,"16,952"
Tracer,8,7-Jan-22,29-Jan-22,MBC,60,7.8,594,2195,2127,15+ - Teens 15 or older,"4,483"
Monthly Magazine Home,16,16-Jun-21,5-Aug-21,iQiyi jTBC,60,7.7,3637,2971,1065,15+ - Teens 15 or older,"9,576"
Emergency Couple,21,24-Jan-14,5-Apr-14,tvN,60,7.9,23008,1710,133,Not Yet Rated,"46,083"
Hyena,16,11-Oct-06,30-Nov-06,tvN,60,7.4,180,45272,6217,18+ Restricted (violence & profanity),988
Don't Dare to Dream,24,24-Aug-16,10-Nov-16,SBS,60,8.1,15536,1081,192,15+ - Teens 15 or older,"36,773"
Reunited Worlds,40,19-Jul-17,21-Sep-17,SBS,35,7.6,4084,3555,875,15+ - Teens 15 or older,"11,830"
Something About 1%,16,5-Oct-16,24-Nov-16,DramaX,40,8.2,20225,890,175,15+ - Teens 15 or older,"38,231"
Something About 1%,16,5-Oct-16,24-Nov-16,DramaX,40,8.2,20225,890,175,15+ - Teens 15 or older,"38,231"
Hotel King,32,5-Apr-14,27-Jul-14,MBC,65,7.8,6649,2587,540,15+ - Teens 15 or older,"18,043"
A Gentleman's Dignity,20,26-May-12,12-Aug-12,SBS,65,8.3,15674,728,264,15+ - Teens 15 or older,"30,379"
Shopping King Louie,16,21-Sep-16,10-Nov-16,MBC,60,8.2,24087,945,116,15+ - Teens 15 or older,"49,969"
"I'm Sorry, I Love You",16,9-Nov-04,28-Dec-04,KBS2,70,8,5227,1508,790,15+ - Teens 15 or older,"13,211"
Angel Eyes,20,5-Apr-14,15-Jun-14,SBS,65,7.5,8632,3877,473,15+ - Teens 15 or older,"19,821"
Chicago Typewriter,16,7-Apr-17,3-Jun-17,tvN,70,8.7,20851,106,112,15+ - Teens 15 or older,"51,678"
Psychopath Diary,16,20-Nov-19,9-Jan-20,tvN,80,8.4,8142,524,375,15+ - Teens 15 or older,"23,381"
Money Flower,24,11-Nov-17,3-Feb-18,MBC,60,8.2,3163,1011,939,15+ - Teens 15 or older,"10,855"
The Girl Who Sees Smells,16,1-Apr-15,21-May-15,SBS,60,7.9,20059,1897,163,15+ - Teens 15 or older,"40,374"
Marriage Contract,16,5-Mar-16,24-Apr-16,MBC,75,8,9488,1384,456,15+ - Teens 15 or older,"20,200"
All In,24,15-Jan-03,3-Apr-03,SBS,60,7.6,974,3615,3012,15+ - Teens 15 or older,"2,910"
Potato Star 2013QR3,120,23-Sep-13,15-May-14,tvN,30,7.5,826,3987,2152,15+ - Teens 15 or older,"4,428"
Zombie Detective,24,21-Sep-20,27-Oct-20,KBS2,30,8.2,6826,821,576,15+ - Teens 15 or older,"17,128"
The Miracle,12,12-Dec-16,23-Dec-16,Naver TV Cast,15,7.1,6136,5538,933,15+ - Teens 15 or older,"11,027"
Scent of a Woman,16,23-Jul-11,11-Sep-11,SBS,65,8,9471,1470,493,Not Yet Rated,"19,178"
Dinner Mate,32,25-May-20,14-Jul-20,iQiyi MBC,35,8,6491,1592,563,15+ - Teens 15 or older,"17,492"
The Spies Who Loved Me,16,21-Oct-20,17-Dec-20,iQiyi MBC,70,7.6,2498,3695,1059,15+ - Teens 15 or older,"9,603"
Soolkkundoshiyeojadeul,12,22-Oct-21,26-Nov-21,tvN,35,8.5,3590,382,944,18+ Restricted (violence & profanity),"10,818"
Angry Mom,16,18-Mar-15,7-May-15,MBC,70,8.3,12850,649,311,15+ - Teens 15 or older,"26,972"
Angry Mom,66,2-Feb-08,28-Sep-08,KBS2,70,7.3,36,46892,99999,G - All Ages,193
I Have a Lover,50,22-Aug-15,28-Feb-16,SBS,65,7.8,1787,2505,1754,Not Yet Rated,"5,537"
Missing You,21,7-Nov-12,17-Jan-13,MBC,65,8,12905,1665,297,15+ - Teens 15 or older,"27,561"
Beautiful Gong Shim,20,14-May-16,17-Jul-16,SBS,60,7.8,14168,2404,284,13+ - Teens 13 or older,"28,592"
Reflection of You,16,13-Oct-21,2-Dec-21,jTBC Netflix,70,7.5,1368,4014,1849,15+ - Teens 15 or older,"5,234"
Princess Aurora,150,20-May-13,20-Dec-13,MBC,39,7.1,95,48959,7215,15+ - Teens 15 or older,764
The Secret Life of My Secretary,32,6-May-19,25-Jun-19,SBS,35,8.1,19276,1332,151,15+ - Teens 15 or older,"42,773"
Justice,32,17-Jul-19,5-Sep-19,KBS2,35,7.8,981,2583,2134,15+ - Teens 15 or older,"4,472"
Empress Myeongseong,124,9-May-01,18-Jul-02,KBS2,70,7.1,24,48720,12013,15+ - Teens 15 or older,291
The Last Empress,52,21-Nov-18,21-Feb-19,SBS,35,8,8441,1436,428,15+ - Teens 15 or older,"21,436"
Class of Lies,16,17-Jul-19,5-Sep-19,OCN,70,8.3,7345,548,462,15+ - Teens 15 or older,"20,104"
Cleaning Up,16,4-Jun-22,24-Jul-22,jTBC,70,7.6,296,40964,3893,15+ - Teens 15 or older,"2,013"
"Gwanggaeto, the Great Conqueror",92,4-Jun-11,29-Apr-12,KBS1,55,7.9,233,37741,6963,15+ - Teens 15 or older,815
Smile Again,16,17-May-06,6-Jul-06,SBS,60,7.1,466,5659,5625,Not Yet Rated,"1,154"
Fantastic,16,2-Sep-16,22-Oct-16,jTBC,60,7.6,2310,3309,1497,15+ - Teens 15 or older,"6,720"
Mask,20,27-May-15,30-Jul-15,SBS,60,8.1,10949,1165,376,15+ - Teens 15 or older,"23,268"
The Chaser,16,28-May-12,17-Jul-12,SBS,65,7.7,459,2835,3495,Not Yet Rated,"2,368"
Dark Hole,12,30-Apr-21,5-Jun-21,OCN tvN,60,7.7,2948,3124,1076,15+ - Teens 15 or older,"9,508"
EXO Next Door,16,9-Apr-15,28-May-15,Naver TV Cast,15,7.7,23597,2850,156,13+ - Teens 13 or older,"41,879"
You're All Surrounded,20,7-May-14,17-Jul-14,SBS,60,8.2,18441,930,176,15+ - Teens 15 or older,"38,228"
Return,20,18-Jun-22,28-Aug-22,Netflix tvN,80,8.9,5024,36,322,15+ - Teens 15 or older,"26,299"
The King Loves,40,17-Jul-17,19-Sep-17,MBC Viki,35,7.8,3936,2169,866,15+ - Teens 15 or older,"11,935"
The Killer's Shopping List,8,27-Apr-22,19-May-22,tvN,65,8.1,2094,1291,1605,15+ - Teens 15 or older,"6,241"
The Princess' Man,24,20-Jul-11,6-Oct-11,KBS2,65,8.5,8081,358,476,15+ - Teens 15 or older,"19,609"
Ms. Hammurabi,16,21-May-18,16-Jul-18,jTBC,80,8.1,10035,1137,280,15+ - Teens 15 or older,"28,978"
Temperature of Love,40,18-Sep-17,21-Nov-17,SBS,30,7.6,7815,3740,391,15+ - Teens 15 or older,"22,578"
High School King of Savvy,17,16-Jun-14,11-Aug-14,tvN,65,7.7,9887,2689,373,13+ - Teens 13 or older,"23,446"
Touch,16,3-Jan-20,22-Feb-20,Channel A Viki,63,7.4,2180,4723,1571,15+ - Teens 15 or older,"6,367"
"Bad Thief, Good Thief",50,13-May-17,5-Nov-17,MBC,75,7.6,1135,3528,1933,15+ - Teens 15 or older,"4,965"
Orange Marmalade,12,15-May-15,24-Jul-15,KBS2,50,6.8,13796,6019,209,Not Yet Rated,"35,215"
Perfume,32,3-Jun-19,23-Jul-19,KBS2,35,7.9,4666,1959,679,15+ - Teens 15 or older,"14,895"
Never twice,72,2-Nov-19,7-Mar-20,MBC,26,8.1,2025,1320,1377,15+ - Teens 15 or older,"7,385"
When I Was the Most Beautiful,32,19-Aug-20,15-Oct-20,MBC,35,6.9,1712,5910,1466,15+ - Teens 15 or older,"6,842"
When the Devil Calls Your Name,16,31-Jul-19,19-Sep-19,tvN,75,8,3090,1451,853,15+ - Teens 15 or older,"12,179"
"Marriage, Not Dating",16,4-Jul-14,23-Aug-14,tvN,67,8.1,24020,1085,144,15+ - Teens 15 or older,"44,949"
Miss Korea,20,18-Dec-13,26-Feb-14,MBC,60,7.4,2772,4740,1318,15+ - Teens 15 or older,"7,725"
Radio Romance,16,29-Jan-18,20-Mar-18,KBS2,70,7.6,14755,3550,194,15+ - Teens 15 or older,"36,735"
The Package,12,13-Oct-17,18-Nov-17,jTBC,60,8.1,5650,1197,664,15+ - Teens 15 or older,"15,184"
Duel,16,3-Jun-17,23-Jul-17,OCN,60,8.4,4190,429,734,Not Yet Rated,"13,952"
Untouchable,16,24-Nov-17,20-Jan-18,jTBC,60,7.4,799,4512,2689,15+ - Teens 15 or older,"3,405"
Rosy Lovers,52,18-Oct-14,12-Apr-15,MBC,64,7.3,777,5081,3154,15+ - Teens 15 or older,"2,735"
Oh My Ladylord,16,24-Mar-21,13-May-21,iQiyi MBC,80,6.7,3143,6105,949,15+ - Teens 15 or older,"10,716"
High Class,16,6-Sep-21,1-Nov-21,tvN,70,7.7,1205,3053,2233,15+ - Teens 15 or older,"4,232"
Two Cops,32,27-Nov-17,16-Jan-18,MBC,35,7.9,5054,2032,778,15+ - Teens 15 or older,"13,350"
Wok of Love,38,7-May-18,17-Jul-18,SBS,35,8,10812,1472,345,15+ - Teens 15 or older,"24,907"
Warm and Cozy,16,13-May-15,2-Jul-15,MBC,60,7.5,8545,4070,530,15+ - Teens 15 or older,"18,344"
My Only One,106,15-Sep-18,17-Mar-19,KBS2,35,7.6,1014,3536,2685,15+ - Teens 15 or older,"3,409"
The Man Living in Our House,16,24-Oct-16,13-Dec-16,KBS2,60,7.4,6827,4524,539,15+ - Teens 15 or older,"18,071"
The Man Living in Our House,16,24-Oct-16,13-Dec-16,KBS2,60,7.4,6827,4524,539,15+ - Teens 15 or older,"18,071"
L.U.C.A.: The Beginning,12,1-Feb-21,9-Mar-21,tvN,75,7.4,3791,4743,886,15+ - Teens 15 or older,"11,727"
My Only Love Song,20," Jun  9, 2017",N/A,Netflix,30,7.8,9291,2288,513,15+ - Teens 15 or older,"18,690"
Hospital Ship,40,30-Aug-17,2-Nov-17,MBC,35,7.9,5887,1946,742,15+ - Teens 15 or older,"13,750"
One the Woman,16,17-Sep-21,6-Nov-21,SBS,70,8.2,4058,1021,955,15+ - Teens 15 or older,"10,633"
Tomorrow's Cantabile,16,13-Oct-14,2-Dec-14,KBS2,60,7.5,5923,3807,781,15+ - Teens 15 or older,"13,325"
Soul Mechanic,32,6-May-20,25-Jun-20,KBS2,35,7.8,2346,2305,1275,15+ - Teens 15 or older,"8,032"
Protect the Boss,18,3-Aug-11,29-Sep-11,SBS,65,7.6,15462,3215,251,15+ - Teens 15 or older,"31,124"
Let Me Be Your Knight,12,7-Nov-21,24-Jan-22,iQiyi SBS,70,7.9,2901,1774,1083,15+ - Teens 15 or older,"9,443"
Excellent Shaman Ga Doo Shim,12,30-Jul-21,8-Oct-21,Daum Kakao TV Viki,20,7.9,6395,1696,654,15+ - Teens 15 or older,"15,332"
Graceful Friends,17,10-Jul-20,5-Sep-20,jTBC,70,7.5,1112,4123,2410,18+ Restricted (violence & profanity),"3,858"
Jang Bo Ri Is Here,52,5-Apr-14,12-Oct-14,MBC,65,7.8,1716,2241,2081,15+ - Teens 15 or older,"4,586"
Ugly Alert,133,20-May-13,29-Nov-13,SBS,35,8.3,1983,614,1357,15+ - Teens 15 or older,"7,489"
Gunman in Joseon,22,25-Jun-14,4-Sep-14,KBS2,70,7.7,3397,2999,1056,15+ - Teens 15 or older,"9,641"
Confession,16,23-Mar-19,12-May-19,tvN,60,8.3,2664,647,1111,15+ - Teens 15 or older,"9,157"
Welcome 2 Life,32,5-Aug-19,24-Sep-19,MBC,35,8.3,2721,675,1143,15+ - Teens 15 or older,"8,914"
Haechi,48,11-Feb-19,30-Apr-19,SBS,30,8.1,2095,1307,1366,15+ - Teens 15 or older,"7,466"
Gracious Revenge,103,4-Nov-19,27-Mar-20,KBS2,33,7.3,242,46092,6539,15+ - Teens 15 or older,902
Bride of the Century,16,22-Feb-14,12-Apr-14,TV Chosun,67,7.9,12617,2028,353,15+ - Teens 15 or older,"24,602"
Devilish Joy,16,5-Sep-18,25-Oct-18,DramaX MBN Viki,65,7.9,9170,1782,384,15+ - Teens 15 or older,"22,766"
Five Fingers,30,18-Aug-12,25-Nov-12,SBS,66,7.5,1679,4202,1685,15+ - Teens 15 or older,"5,847"
Wild Romance,16,4-Jan-12,23-Feb-12,KBS2,65,7.5,6197,4177,842,Not Yet Rated,"12,421"
Hush,16,11-Dec-20,6-Feb-21,iQiyi jTBC,70,7.6,706,3657,3024,15+ - Teens 15 or older,"2,896"
Missing 9,16,18-Jan-17,9-Mar-17,MBC,60,7.4,7016,4693,485,15+ - Teens 15 or older,"19,379"
My Fellow Citizens,36,1-Apr-19,28-May-19,KBS2,35,7.7,3255,3043,1007,15+ - Teens 15 or older,"10,076"
The Good Wife,16,8-Jul-16,27-Aug-16,tvN,60,8.1,1830,1354,1613,15+ - Teens 15 or older,"6,223"
Let's Eat,16,28-Nov-13,13-Mar-14,tvN,54,7.9,7817,1694,571,15+ - Teens 15 or older,"17,366"
Rich Man,16,9-May-18,28-Jun-18,DramaX Viki,65,7.4,9143,4745,466,15+ - Teens 15 or older,"20,045"
The Greatest Love,16,4-May-11,23-Jun-11,MBC,65,8.1,14234,1231,299,Not Yet Rated,"27,497"
Sabotage City,20,8-Dec-21,10-Feb-22,jTBC,70,7.2,334,5232,3561,15+ - Teens 15 or older,"2,305"
The King's Face,23,19-Nov-14,5-Feb-15,KBS2,60,7.5,1343,4092,1795,15+ - Teens 15 or older,"5,392"
Lie to Me,16,9-May-11,28-Jun-11,SBS,64,7.5,20446,4204,208,15+ - Teens 15 or older,"35,277"
Summer Scent,20,7-Jul-03,9-Sep-03,KBS2,64,7.3,1517,5099,2531,Not Yet Rated,"3,635"
Children of Nobody,32,21-Nov-18,16-Jan-19,MBC,30,8.6,4207,210,728,15+ - Teens 15 or older,"14,103"
Shut Up Family,120,13-Aug-12,6-Feb-13,KBS2,25,7.9,399,2005,4009,Not Yet Rated,"1,916"
Trap,7,9-Feb-19,3-Mar-19,OCN,70,7.8,1394,2213,2435,15+ - Teens 15 or older,"3,814"
"Jang Ok-jung, Living by Love",52,2-Jan-95,27-Jun-95,N/A,60,10,2,99999,99999,Not Yet Rated,21
The Royal Gambler,24,28-Mar-16,14-Jun-16,SBS,75,7.8,2439,2573,1368,15+ - Teens 15 or older,"7,449"
Goodbye Mr. Black,20,16-Mar-16,19-May-16,MBC,65,7.5,3200,4107,1073,15+ - Teens 15 or older,"9,526"
Beautiful World,16,5-Apr-19,25-May-19,jTBC Viki,60,8.5,2761,280,1152,15+ - Teens 15 or older,"8,848"
Room No. 9,16,6-Oct-18,25-Nov-18,tvN,65,7.8,1223,2549,1734,15+ - Teens 15 or older,"5,601"
The Greatest Divorce,32,8-Oct-18,27-Nov-18,KBS2,35,7.9,1069,1962,2454,15+ - Teens 15 or older,"3,789"
The Suspicious Housekeeper,20,23-Sep-13,26-Nov-13,SBS,65,7.7,3534,2958,1192,15+ - Teens 15 or older,"8,570"
Please Don't Date Him,10,10-Nov-20,12-Jan-21,MBC MBC every1,60,7.8,3619,2612,967,15+ - Teens 15 or older,"10,517"
My Daughter Seo Young,50,15-Sep-12,3-Mar-13,KBS2,65,7.9,1788,1685,2071,15+ - Teens 15 or older,"4,616"
My Fair Lady,16,13-Aug-03,2-Oct-03,SBS,45,7,220,50381,6386,Not Yet Rated,942
Oh! My Lady,16,16-Nov-16,11-Jan-17,KBS2,60,8.2,1816,832,1858,15+ - Teens 15 or older,"5,214"
Spring Must Be Coming,32,23-Jan-19,21-Mar-19,MBC,35,7.9,1173,1676,2557,15+ - Teens 15 or older,"3,600"
Player,14,29-Sep-18,11-Nov-18,OCN,65,8.4,5519,517,614,Not Yet Rated,"16,409"
Love Rain,20,26-Mar-12,29-May-12,KBS2,65,7.6,17442,3270,215,15+ - Teens 15 or older,"34,673"
Glass Slippers,40,2-Mar-02,28-Jul-02,SBS,60,7.5,500,3870,5434,15+ - Teens 15 or older,"1,217"
Wonderful Days,50,22-Feb-14,10-Aug-14,KBS2,65,7.5,983,4223,2748,Not Yet Rated,"3,288"
Love in Sadness,40,23-Feb-19,27-Apr-19,MBC,30,7.6,1261,3680,2157,Not Yet Rated,"4,414"
Marry Me Now,50,17-Mar-18,9-Sep-18,KBS2,70,7.9,1508,2002,1925,15+ - Teens 15 or older,"4,980"
The Three Musketeers,12,17-Aug-14,2-Nov-14,tvN,72,7.9,2669,1718,1237,15+ - Teens 15 or older,"8,283"
Blade Man,18,10-Sep-14,13-Nov-14,KBS2,60,7,5879,5745,648,15+ - Teens 15 or older,"15,477"
Good Casting,16,27-Apr-20,16-Jun-20,SBS,65,7.9,2861,2063,1304,15+ - Teens 15 or older,"7,861"
Level Up,12,10-Jul-19,15-Aug-19,DramaX MBN Viki,60,7.3,2975,4820,1339,13+ - Teens 13 or older,"7,586"
Happy Ending,16,20-Jan-16,10-Mar-16,MBC,70,7.9,8340,2035,561,15+ - Teens 15 or older,"17,528"
Uwolhan Halu,8,13-Mar-22,1-May-22,OCN,60,7,794,5742,2633,18+ Restricted (violence & profanity),"3,474"
Mother of Mine,108,23-Mar-19,22-Sep-19,KBS2,30,7.7,911,2798,3194,15+ - Teens 15 or older,"2,688"
Mistress,12,28-Apr-18,3-Jun-18,OCN,60,8.1,1721,1215,1565,18+ Restricted (violence & profanity),"6,392"
Handsome Guy and Jung-Eum,32,23-May-18,19-Jul-18,SBS,35,7.6,5219,3445,732,15+ - Teens 15 or older,"13,995"
Girls' Generation 1979,8,11-Sep-17,3-Oct-17,KBS2,60,8.1,3075,1143,1284,15+ - Teens 15 or older,"7,981"
Iljimae,8,9-Aug-93,31-Aug-93,MBC,60,7.9,15,37958,99999,Not Yet Rated,186
Diary of a Night Watchman,24,4-Aug-14,21-Oct-14,MBC,59,7.3,2984,5082,1214,15+ - Teens 15 or older,"8,407"
Get Revenge,16,21-Nov-20,17-Jan-21,TV Chosun,62,7.7,958,3052,2739,15+ - Teens 15 or older,"3,307"
The Genius,10,17-May-19,19-Jul-19,jTBC,15,7.4,13,45416,9272,13+ - Teens 13 or older,487
Night Light,20,21-Nov-16,24-Jan-17,MBC,60,7.1,1038,5484,2323,Not Yet Rated,"4,050"
Save the Last Dance for Me,20,23-Oct-04,2-Jan-05,SBS,65,7.7,2171,2747,1891,15+ - Teens 15 or older,"5,106"
Uncle,16,24-Feb-16,14-Apr-16,SBS,60,8,9899,1555,347,15+ - Teens 15 or older,"24,896"
Uncle,16,11-Dec-21,30-Jan-22,TV Chosun Viki,70,8.1,956,1225,2874,15+ - Teens 15 or older,"3,080"
Sketch,16,25-May-18,14-Jul-18,jTBC,80,7.8,2044,2381,1540,15+ - Teens 15 or older,"6,531"
"The King of Tears, Lee Bang-won",32,11-Dec-21,1-May-22,KBS1,60,7.8,142,38889,6034,15+ - Teens 15 or older,"1,035"
Five Children,54,20-Feb-16,21-Aug-16,KBS2,70,8.3,3304,701,1224,15+ - Teens 15 or older,"8,329"
Temptation of Wife,129,3-Nov-08,1-May-09,SBS,35,7.6,1175,3478,3175,15+ - Teens 15 or older,"2,711"
Geunyeoneun Geojitmaleul Neomoo Saranghae,16,20-Mar-17,9-May-17,tvN,60,7.5,16057,3970,199,15+ - Teens 15 or older,"36,273"
Priest,16,24-Nov-18,20-Jan-19,OCN,60,7.9,1708,1735,1768,15+ - Teens 15 or older,"5,468"
Padam Padam,20,5-Dec-11,7-Feb-12,jTBC,65,7.7,3250,2722,1021,15+ - Teens 15 or older,"9,974"
The Emperor: Owner of the Mask,40,10-May-17,13-Jul-17,MBC,30,8,7185,1629,486,15+ - Teens 15 or older,"19,363"
Lucky Romance,16,25-May-16,14-Jul-16,MBC,60,7.8,12303,2539,325,15+ - Teens 15 or older,"26,125"
You Are My Destiny,20,2-Jul-14,4-Sep-14,MBC,60,8.2,28015,985,102,15+ - Teens 15 or older,"53,764"
Entertainer,18,20-Apr-16,16-Jun-16,SBS,60,7.7,7377,2913,554,15+ - Teens 15 or older,"17,808"
Choco Bank,6,15-Feb-16,21-Feb-16,Naver TV Cast,14,7.1,4666,5475,1108,13+ - Teens 13 or older,"9,186"
The Third Charm,16,28-Sep-18,17-Nov-18,jTBC,75,6.8,4746,6057,706,15+ - Teens 15 or older,"14,385"
Lookout,32,22-May-17,11-Jul-17,MBC,35,8.3,7753,645,431,15+ - Teens 15 or older,"21,245"
Fates and Furies,40,1-Dec-18,9-Feb-19,SBS Viki,30,7.5,1377,4191,2245,15+ - Teens 15 or older,"4,210"
The Time We Were Not in Love,16,27-Jun-15,16-Aug-15,SBS,64,7.5,7406,4213,547,15+ - Teens 15 or older,"17,910"
Begin Again,16,8-Jul-20,2-Sep-20,jTBC Netflix,70,7.3,7706,4776,621,15+ - Teens 15 or older,"16,260"
Diary of a Prosecutor,16,16-Dec-19,11-Feb-20,jTBC,65,8.2,1543,998,1850,15+ - Teens 15 or older,"5,233"
Alone in Love,16,3-Apr-06,23-May-06,SBS,60,7.5,459,3953,3982,15+ - Teens 15 or older,"1,935"
Local Hero,16,23-Jan-16,20-Mar-16,OCN,65,7.3,2035,5111,1386,Not Yet Rated,"7,340"
Children of a Lesser God,16,3-Mar-18,22-Apr-18,OCN,67,8,1327,1513,1897,15+ - Teens 15 or older,"5,077"
"My Daughter, Geum Sa-wol",51,5-Sep-15,28-Feb-16,MBC,75,7.2,516,5432,4000,15+ - Teens 15 or older,"1,923"
Joseon Exorcist,2,22-Mar-21,23-Mar-21,SBS Viki,70,7.8,930,2161,2166,18+ Restricted (violence & profanity),"4,390"
Hotelier,20,4-Apr-01,7-Jun-01,MBC,65,7.5,719,4163,4626,Not Yet Rated,"1,537"
Dream,20,27-Jul-09,29-Sep-09,SBS,70,6.9,771,5978,3452,15+ - Teens 15 or older,"2,408"
Unasked Family,123,28-Oct-19,17-Apr-20,KBS1,30,7.5,237,43005,7006,15+ - Teens 15 or older,806
Mystery Queen,16,5-Apr-17,25-May-17,KBS2,60,8.2,3814,907,991,15+ - Teens 15 or older,"10,258"
Unexpected You,58,25-Feb-12,9-Sep-12,KBS2,80,7.9,1006,1812,2496,15+ - Teens 15 or older,"3,701"
Kkondae Intern,24,20-May-20,1-Jul-20,MBC,35,7.9,2358,1880,1442,15+ - Teens 15 or older,"7,000"
You Are the Best!,50,9-Mar-13,25-Aug-13,KBS2,67,7.4,5839,4422,746,Not Yet Rated,"13,724"
Pride and Prejudice,21,27-Oct-14,13-Jan-15,MBC,60,7.6,3974,3589,913,15+ - Teens 15 or older,"11,353"
Second to Last Love,20,30-Jul-16,16-Oct-16,SBS,65,7.4,1343,4385,2150,15+ - Teens 15 or older,"4,431"
Second 20s,16,28-Aug-15,17-Oct-15,tvN,62,8.1,8604,1349,508,15+ - Teens 15 or older,"18,825"
My Secret Hotel,16,18-Aug-14,14-Oct-14,tvN,63,7.3,5490,4814,736,15+ - Teens 15 or older,"13,857"
Whisper,17,27-Mar-17,23-May-17,SBS,60,7.7,2737,2774,1262,15+ - Teens 15 or older,"8,131"
Goodbye to Goodbye,40,26-May-18,4-Aug-18,MBC,30,7.9,1305,1677,1983,15+ - Teens 15 or older,"4,846"
Discovery of Love,16,18-Aug-14,7-Oct-14,KBS2,62,7.6,5541,3362,793,15+ - Teens 15 or older,"13,170"
May Queen,38,18-Aug-12,23-Dec-12,MBC,65,7.5,2057,3999,1967,13+ - Teens 13 or older,"4,890"
Your Honor,32,25-Jul-18,20-Sep-18,SBS,35,8.1,4359,1267,895,15+ - Teens 15 or older,"11,618"
Monster,50,28-Mar-16,20-Sep-16,MBC,63,7.4,1381,4442,1806,15+ - Teens 15 or older,"5,362"
My Runway,6," Dec 31, 2016",N/A,MBC Dramanet,22,7.2,4268,5305,1333,15+ - Teens 15 or older,"7,602"
Band of Sisters,68,15-Apr-17,14-Oct-17,SBS,65,7.7,509,2940,4164,15+ - Teens 15 or older,"1,816"
Jugglers,16,4-Dec-17,23-Jan-18,KBS2,63,7.8,6941,2603,625,15+ - Teens 15 or older,"16,150"
"Me Too, Flower!",15,9-Nov-11,28-Dec-11,MBC,70,7.5,7821,3978,676,15+ - Teens 15 or older,"14,956"
Dr. Jin,22,26-May-12,12-Aug-12,MBC,65,6.9,3921,5920,1088,13+ - Teens 13 or older,"9,385"
Last,16,24-Jul-15,12-Sep-15,jTBC,60,7.9,1233,1838,2413,15+ - Teens 15 or older,"3,849"
Gu Am Heo Joon,135,18-Mar-13,27-Sep-13,MBC,31,8,195,36805,5919,15+ - Teens 15 or older,"1,061"
Less Than Evil,32,3-Dec-18,29-Jan-19,MBC,35,7.9,995,1873,2602,18+ Restricted (violence & profanity),"3,526"
Woman of 9.9 Billion,32,4-Dec-19,23-Jan-20,KBS2,35,7.6,1064,3646,2634,15+ - Teens 15 or older,"3,473"
A Pledge to God,48,24-Nov-18,16-Feb-19,MBC,25,7.6,405,3452,4210,15+ - Teens 15 or older,"1,782"
Thank You,16,21-Mar-07,10-May-07,MBC,61,8.1,2462,1103,1759,13+ - Teens 13 or older,"5,516"
My Dangerous Wife,16,5-Oct-20,24-Nov-20,MBN,70,7.8,884,2417,2894,18+ Restricted (violence & profanity),"3,057"
Revolutionary Sisters,50,13-Mar-21,18-Sep-21,KBS2,70,7.4,429,4453,3458,15+ - Teens 15 or older,"2,402"
Money Game,16,15-Jan-20,5-Mar-20,tvN,70,7.8,503,2229,3614,15+ - Teens 15 or older,"2,255"
I Need Romance 3,16,13-Jan-14,4-Mar-14,tvN,47,7.9,8019,2130,618,Not Yet Rated,"16,318"
Sweet Munchies,12,25-May-20,30-Jun-20,jTBC Viki,65,7,1646,5841,1811,15+ - Teens 15 or older,"5,332"
Different Dreams,40,4-May-19,13-Jul-19,MBC,27,7.8,605,2266,2798,15+ - Teens 15 or older,"3,197"
Cheongdam-dong Alice,16,1-Dec-12,27-Jan-13,SBS,70,7.2,8041,5383,652,15+ - Teens 15 or older,"15,357"
Nonstop,55,15-May-00,28-Jul-00,MBC,20,7.4,17,45086,12906,Not Yet Rated,252
Pretty Boy,16,20-Nov-13,9-Jan-14,KBS2,60,6.7,8893,6160,498,Not Yet Rated,"19,066"
On the Verge of Insanity,16,23-Jun-21,26-Aug-21,MBC,70,8.1,701,1319,3009,15+ - Teens 15 or older,"2,912"
Medical Top Team,20,9-Oct-13,12-Dec-13,MBC,60,7.2,2259,5360,1541,15+ - Teens 15 or older,"6,512"
Emperor of the Sea,51,24-Nov-04,25-May-05,KBS2,65,7.7,832,2768,4256,15+ - Teens 15 or older,"1,748"
Can We Get Married?,20,29-Oct-12,1-Jan-13,jTBC,56,7.1,2985,5554,1271,15+ - Teens 15 or older,"8,075"
Fashion King,20,19-Mar-12,22-May-12,SBS,75,5.8,4530,6328,1048,Not Yet Rated,"9,749"
The Wind Blows,16,27-May-19,16-Jul-19,jTBC,70,7.8,448,2626,4038,15+ - Teens 15 or older,"1,897"
My Lovely Girl,16,17-Sep-14,6-Nov-14,SBS,60,6.8,9144,6014,460,15+ - Teens 15 or older,"20,145"
Lovely Horribly,32,13-Aug-18,2-Oct-18,KBS2,35,7.1,4282,5477,800,15+ - Teens 15 or older,"12,971"
Immortal Yi Soon-shin,104,4-Sep-04,28-Aug-05,KBS1,65,7.9,59,38045,10558,15+ - Teens 15 or older,378
The King and I,63,27-Aug-07,1-Apr-08,SBS,70,7.4,256,43652,5459,Not Yet Rated,"1,207"
Ms. Temper & Nam Jung-Gi,16,18-Mar-16,7-May-16,jTBC,65,7.7,2573,2787,1573,15+ - Teens 15 or older,"6,360"
Passionate Love,47,28-Sep-13,23-Mar-14,SBS,65,6.9,455,5913,3692,Not Yet Rated,"2,179"
All About My Romance,16,4-Apr-13,29-May-13,SBS,63,7.6,1933,3428,1838,15+ - Teens 15 or older,"5,254"
One Warm Word,20,2-Dec-13,24-Feb-14,SBS,65,7.2,832,5364,3421,15+ - Teens 15 or older,"2,440"
I Need Romance 2012,16,20-Jun-12,9-Aug-12,tvN,50,7.5,4155,3880,1122,Not Yet Rated,"9,041"
The Great Show,16,26-Aug-19,15-Oct-19,tvN,66,7.8,2127,2178,1680,15+ - Teens 15 or older,"5,884"
Flower Boy Ramyun Shop,16,31-Oct-11,20-Dec-11,tvN,45,7.4,19792,4654,181,15+ - Teens 15 or older,"37,717"
"I Do, I Do",16,30-May-12,19-Jul-12,MBC,65,7.3,6634,4794,813,Not Yet Rated,"12,816"
Big Issue,32,6-Mar-19,2-May-19,SBS,35,7.9,1242,1934,2259,15+ - Teens 15 or older,"4,183"
Divorce Lawyer in Love,18,18-Apr-15,14-Jun-15,SBS,64,7.4,2583,4585,1471,Not Yet Rated,"6,810"
Can You Hear My Heart?,30,2-Apr-11,10-Jul-11,MBC,65,8.1,7057,1109,620,15+ - Teens 15 or older,"16,286"
Dae Wang Sejong,86,5-Jan-08,16-Nov-08,KBS1,50,7.9,189,37221,5035,Not Yet Rated,"1,368"
Lies of Lies,16,4-Sep-20,24-Oct-20,Channel A,69,8.3,3448,565,1038,15+ - Teens 15 or older,"9,855"
Special Affairs Team TEN,9,18-Nov-11,13-Jan-12,OCN,72,8.3,2586,777,1412,Not Yet Rated,"7,157"
A Poem a Day,16,26-Mar-18,15-May-18,tvN,65,7.9,6015,1900,580,15+ - Teens 15 or older,"17,091"
Brilliant Heritage,122,20-Apr-20,9-Oct-20,KBS1,30,7.5,201,43613,7428,15+ - Teens 15 or older,724
Heard It Through the Grapevine,30,23-Feb-15,2-Jun-15,SBS,60,7.7,1875,3130,1451,15+ - Teens 15 or older,"6,959"
Delayed Justice,20,30-Oct-20,23-Jan-21,SBS,65,7.7,464,3092,4330,15+ - Teens 15 or older,"1,697"
I Need Romance,16,8-Jun-11,2-Aug-11,tvN,45,7.3,4715,4875,999,Not Yet Rated,"10,165"
Marry Him If You Dare,16,14-Oct-13,3-Dec-13,KBS2,63,6.6,6438,6238,720,15+ - Teens 15 or older,"14,171"
Heart to Heart,16,9-Jan-15,7-Mar-15,tvN,60,7.9,5711,1757,744,15+ - Teens 15 or older,"13,732"
My Spring Days,16,10-Sep-14,30-Oct-14,MBC,60,7.6,1314,3398,2365,15+ - Teens 15 or older,"3,956"
The Great Merchant,30,6-Mar-10,13-Jun-10,KBS1,55,7.5,217,43483,7507,15+ - Teens 15 or older,710
Meloholic,10,6-Nov-17,5-Dec-17,OCN Oksusu Viki,60,7.4,5116,4481,883,15+ - Teens 15 or older,"11,743"
Temptation,20,14-Jul-14,16-Sep-14,SBS,60,7.1,1389,5632,2569,15+ - Teens 15 or older,"3,584"
My Husband Oh Jak-doo,24,3-Mar-18,19-May-18,MBC,70,7.6,2728,3410,1581,15+ - Teens 15 or older,"6,328"
The Lover,12,2-Apr-15,25-Jun-15,Mnet,50,7.9,8586,2118,417,18+ Restricted (violence & profanity),"21,789"
Hidden Identity,16,16-Jun-15,4-Aug-15,tvN,60,7.7,1852,2864,1654,Not Yet Rated,"6,042"
Man Who Sets the Table,50,2-Sep-17,18-Mar-18,MBC,75,7.2,468,5161,3817,15+ - Teens 15 or older,"2,077"
Item,32,11-Feb-19,2-Apr-19,MBC,35,7.4,1858,4419,1448,15+ - Teens 15 or older,"6,964"
Times,12,20-Feb-21,28-Mar-21,OCN,60,7.7,1175,3072,2307,15+ - Teens 15 or older,"4,096"
Big Man,16,28-Apr-14,17-Jun-14,KBS2,60,7.3,2026,5036,1748,Not Yet Rated,"5,557"
Mrs. Cop,18,3-Aug-15,29-Sep-15,SBS,65,7.9,1612,1977,1911,Not Yet Rated,"5,036"
Sandglass,24,9-Jan-95,16-Feb-95,SBS,51,8.1,215,36253,5190,Not Yet Rated,"1,301"
Argon,8,4-Sep-17,26-Sep-17,tvN,70,8,1614,1471,2223,15+ - Teens 15 or older,"4,256"
Hur Jun,64,22-Nov-99,27-Jun-00,MBC,60,7.9,143,37985,9955,Not Yet Rated,425
Punch,19,15-Dec-14,17-Feb-15,SBS,62,8.1,1461,1214,1773,15+ - Teens 15 or older,"5,458"
Standby,113,9-Apr-12,5-Oct-12,MBC,23,7.5,132,43546,6221,Not Yet Rated,986
Mom,54,15-Aug-15,14-Feb-16,KBS2,80,7.9,1373,2071,2743,Not Yet Rated,"3,298"
Jeong Do-jeon,50,4-Jan-14,29-Jun-14,KBS1,50,7.7,98,40533,7396,Not Yet Rated,731
Chakhanmanyeojeon,40,3-Mar-18,5-May-18,SBS,35,7.9,1982,2011,1791,15+ - Teens 15 or older,"5,406"
Babel,16,27-Jan-19,24-Mar-19,TV Chosun Viki,60,7.4,676,4551,3092,18+ Restricted (violence & profanity),"2,819"
My Healing Love,80,14-Oct-18,3-Mar-19,MBC,35,7.5,265,3768,5280,Not Yet Rated,"1,270"
Sponsor,12,23-Feb-22,6-Apr-22,MBN Viki,56,6.3,257,55462,3535,15+ - Teens 15 or older,"2,328"
Your House Helper,32,4-Jul-18,29-Aug-18,KBS2,30,7.9,3580,2088,1104,15+ - Teens 15 or older,"9,197"
The Family Is Coming,20,3-Jan-15,15-Mar-15,SBS,60,7.1,505,5508,3624,15+ - Teens 15 or older,"2,247"
Andante,16,24-Sep-17,7-Jan-18,KBS1,60,7.5,3008,3962,1074,15+ - Teens 15 or older,"9,513"
Bad Papa,32,1-Oct-18,27-Nov-18,MBC,35,7.7,860,3159,3033,13+ - Teens 13 or older,"2,883"
Legal High,16,8-Feb-19,30-Mar-19,jTBC Viki,60,7.6,1238,3358,2439,15+ - Teens 15 or older,"3,805"
Working Mom,16,30-Jul-08,18-Sep-08,SBS,60,7.2,15,47366,99999,Not Yet Rated,170
New Heart,23,12-Dec-07,28-Feb-08,MBC,60,7.7,657,2927,4179,15+ - Teens 15 or older,"1,803"
"Take Care of Us, Captain",20,4-Jan-12,8-Mar-12,SBS,65,7,1280,5739,3019,13+ - Teens 13 or older,"2,901"
Phoenix,26,5-Apr-04,29-Jun-04,MBC,60,7.3,437,5049,5735,13+ - Teens 13 or older,"1,117"
Dae Jang-Geum Is Watching,16,11-Oct-18,24-Jan-19,MBC,70,7.5,931,3750,2684,15+ - Teens 15 or older,"3,410"
Dae Jang-Geum Is Watching,16,11-Oct-18,24-Jan-19,MBC,70,7.5,931,3750,2684,15+ - Teens 15 or older,"3,410"
Late Night Restaurant,20,4-Jul-15,5-Sep-15,SBS,30,7.7,605,2677,3415,Not Yet Rated,"2,447"
One Well-Raised Daughter,122,2-Dec-13,30-May-14,SBS,40,7.3,852,4880,2802,Not Yet Rated,"3,193"
Bachelor's Vegetable Store,24,21-Dec-11,8-Mar-12,Channel A,70,7,2025,5690,1682,13+ - Teens 13 or older,"5,864"
7th Grade Civil Servant,20,23-Jan-13,28-Mar-13,MBC,65,6.9,4686,5933,984,15+ - Teens 15 or older,"10,347"
Home for Summer,128,29-Apr-19,25-Oct-19,KBS1,30,7.4,317,4669,5789,15+ - Teens 15 or older,"1,093"
A Thousand Days' Promise,20,17-Oct-11,20-Dec-11,SBS,65,7.6,1426,3584,2278,15+ - Teens 15 or older,"4,148"
Life Is Beautiful,16,14-May-01,3-Jul-01,KBS2,65,7.2,129,47247,7178,15+ - Teens 15 or older,771
Just Dance,16,3-Dec-18,25-Dec-18,KBS2,30,7.9,1559,1703,1817,13+ - Teens 13 or older,"5,325"
Eccentric! Chef Moon,16,27-Mar-20,16-May-20,Channel A,65,7.6,1324,3393,2593,15+ - Teens 15 or older,"3,532"
Happy Together,16,16-Jun-99,5-Aug-99,SBS,65,7.3,140,47006,8894,Not Yet Rated,523
Endless Love,37,21-Jun-14,26-Oct-14,SBS,60,7.2,658,5212,2995,Not Yet Rated,"2,929"
Splendid Politics,50,13-Apr-15,29-Sep-15,MBC,60,7.5,810,3789,2660,15+ - Teens 15 or older,"3,438"
Ms. Perfect,20,27-Feb-17,2-May-17,KBS2,60,7.4,1153,4360,2507,15+ - Teens 15 or older,"3,678"
Risky Romance,32,23-Jul-18,17-Sep-18,MBC,35,7.5,1651,3856,1952,15+ - Teens 15 or older,"4,919"
Secrets and Lies,122,25-Jun-18,11-Jan-19,MBC,35,6.7,74,53124,8948,15+ - Teens 15 or older,518
Hundred Year Inheritance,50,5-Jan-13,23-Jun-13,MBC,80,7.2,1506,5369,2659,15+ - Teens 15 or older,"3,439"
Bravo My Life,120,11-Apr-22,29-Sep-22,KBS1,30,7.8,152,39226,5881,15+ - Teens 15 or older,"1,070"
Romance Town,20,11-May-11,14-Jul-11,KBS2,68,6.3,2285,6292,2125,15+ - Teens 15 or older,"4,485"
Lovers in Bloom,120,29-May-17,10-Nov-17,KBS1,35,7.5,729,4066,3267,15+ - Teens 15 or older,"2,594"
Vampire Prosecutor,12,2-Oct-11,18-Dec-11,OCN,58,8.2,5361,919,775,15+ - Teens 15 or older,"13,410"
Feast of the Gods,32,4-Feb-12,20-May-12,MBC,65,7.4,1170,4456,2980,Not Yet Rated,"2,954"
The Greatest Marriage,16,27-Sep-14,27-Dec-14,TV Chosun,60,7.2,2869,5407,1436,Not Yet Rated,"7,036"
Which Star Are You From,16,13-Mar-06,2-May-06,MBC,65,7.4,1325,4517,2978,15+ - Teens 15 or older,"2,958"
Secret Mother,32,12-May-18,7-Jul-18,SBS,30,7.9,707,1918,3121,15+ - Teens 15 or older,"2,781"
The Blade and Petal,20,3-Jul-13,5-Sep-13,KBS2,64,6.9,698,5975,2942,Not Yet Rated,"3,003"
Not Yet Thirty,15,23-Feb-21,13-Apr-21,Daum Kakao TV Viki,20,7,2830,5700,1256,15+ - Teens 15 or older,"8,141"
Monstar,12,17-May-13,2-Aug-13,Mnet,85,7.3,10876,5063,394,15+ - Teens 15 or older,"22,489"
Let Me Introduce Her,40,14-Jul-18,29-Sep-18,SBS,35,7.6,1151,3179,2482,15+ - Teens 15 or older,"3,733"
My Little Baby,16,5-Mar-16,23-Apr-16,MBC,45,7.4,1447,4329,2306,G - All Ages,"4,096"
Hide and Seek,48,25-Aug-18,17-Nov-18,MBC,30,7.5,587,4090,3566,15+ - Teens 15 or older,"2,294"
Thousand Years of Love,10,5-Dec-16,23-Dec-16,Naver TV Cast,20,7.5,2426,3744,1546,13+ - Teens 13 or older,"6,489"
Thousand Years of Love,10,5-Dec-16,23-Dec-16,Naver TV Cast,20,7.5,2426,3744,1546,13+ - Teens 13 or older,"6,489"
The Great Seer,35,10-Oct-12,7-Feb-13,SBS,65,7.3,746,5121,3468,15+ - Teens 15 or older,"2,389"
Stars Falling from the Sky,16,3-Oct-18,22-Nov-18,tvN,64,8.3,16803,631,128,15+ - Teens 15 or older,"47,129"
A New Leaf,16,30-Apr-14,26-Jun-14,MBC,60,6.8,1216,6097,2623,15+ - Teens 15 or older,"3,497"
One Sunny Day,10,19-Dec-14,10-Jan-15,LINE TV,12,7.5,2665,4038,1602,Not Yet Rated,"6,246"
The King of Dramas,18,5-Nov-12,7-Jan-13,SBS,65,7.8,4797,2595,958,15+ - Teens 15 or older,"10,613"
Ice Adonis,108,27-Feb-12,30-Aug-12,tvN,40,7.8,581,2605,4048,Not Yet Rated,"1,892"
Happy If You Died,32,7-Nov-18,27-Dec-18,KBS2,35,7.8,2461,2394,1375,15+ - Teens 15 or older,"7,400"
Delicious Proposal,16,7-Feb-01,29-Mar-01,MBC,60,7.3,156,47004,7239,13+ - Teens 13 or older,760
On the Way to the Airport,16,21-Sep-16,10-Nov-16,KBS2,60,7.8,2608,2428,1438,15+ - Teens 15 or older,"7,013"
Seoul 1945,71,7-Jan-06,10-Sep-06,KBS1,50,7.8,47,39177,11688,Not Yet Rated,310
Poseidon,16,19-Sep-11,8-Nov-11,KBS2,67,6.9,1726,5874,2260,Not Yet Rated,"4,182"
Sweet Enemy,124,12-Jun-17,1-Dec-17,SBS,35,6.8,178,52413,7294,15+ - Teens 15 or older,751
Spotlight,16,14-May-08,3-Jul-08,MBC,70,7,189,50699,7258,Not Yet Rated,757
Return,34,17-Jan-18,22-Mar-18,SBS,35,7.8,1298,2426,2327,15+ - Teens 15 or older,"4,030"
How to Buy a Friend,8,6-Apr-20,14-Apr-20,KBS2,35,7.9,2568,2129,1310,15+ - Teens 15 or older,"7,782"
Taejo Wang Geon,200,1-Apr-00,24-Feb-02,KBS1,60,7.4,58,44819,12306,15+ - Teens 15 or older,277
Tazza,21,16-Sep-08,25-Nov-08,SBS,75,7.5,512,4125,3969,15+ - Teens 15 or older,"1,945"
You and I,58,11-Oct-97,26-Apr-98,MBC,N/A,7.7,9,39682,99999,Not Yet Rated,123
Glory Jane,24,12-Oct-11,28-Dec-11,KBS2,66,7,1960,5779,2189,Not Yet Rated,"4,346"
Three Days,16,5-Mar-14,1-May-14,SBS,60,7.7,2811,2946,1431,Not Yet Rated,"7,055"
The Sons of Sol Pharmacy House,54,11-Apr-09,11-Oct-09,KBS2,65,7.6,285,41547,5367,Not Yet Rated,"1,243"
The Queen's Classroom,16,12-Jun-13,1-Aug-13,MBC,65,7.9,1514,1816,2356,15+ - Teens 15 or older,"3,974"
Ruby Ring,93,19-Aug-13,3-Jan-14,KBS2,40,7.3,175,47040,8083,15+ - Teens 15 or older,621
My Beautiful Bride,16,20-Jun-15,9-Aug-15,OCN,60,7.9,2280,1834,1261,15+ - Teens 15 or older,"8,134"
Woman with a Suitcase,16,26-Sep-16,15-Nov-16,MBC,60,7.5,1213,3850,2645,15+ - Teens 15 or older,"3,457"
Memory,16,18-Mar-16,7-May-16,tvN,65,8.3,1331,760,1558,15+ - Teens 15 or older,"6,425"
Pegasus Market,12,20-Sep-19,6-Dec-19,tvN,75,8.2,1491,860,2041,15+ - Teens 15 or older,"4,696"
Left-Handed Wife,103,2-Jan-19,31-May-19,KBS2,35,7.2,251,48048,4598,15+ - Teens 15 or older,"1,551"
My Unfortunate Boyfriend,16,10-Apr-15,30-May-15,MBC Dramanet,50,7.1,3200,5493,1156,13+ - Teens 13 or older,"8,811"
Golden Time,23,9-Jul-12,25-Sep-12,MBC,65,7.4,711,4371,3648,Not Yet Rated,"2,228"
Secrets of Women,104,27-Jun-16,25-Nov-16,KBS2,35,7.2,139,48029,7774,Not Yet Rated,664
Pink Lipstick,149,11-Jan-10,6-Aug-10,MBC,40,7.2,418,5206,6141,15+ - Teens 15 or older,"1,010"
Vampire Idol,79,5-Dec-11,30-Mar-12,MBN,30,7.3,412,46168,2868,Not Yet Rated,"3,089"
A Place in the Sun,102,3-Jun-19,1-Nov-19,KBS2,35,7.4,221,45014,4610,15+ - Teens 15 or older,"1,545"
Chungil Electronics Miss Lee,16,25-Sep-19,14-Nov-19,tvN,65,7.2,294,47224,4797,15+ - Teens 15 or older,"1,464"
Avengers Social Club,12,11-Oct-17,16-Nov-17,tvN,66,8.6,5087,265,763,15+ - Teens 15 or older,"13,564"
Mr. Baek,16,5-Nov-14,25-Dec-14,MBC,60,7.2,2015,5269,1687,15+ - Teens 15 or older,"5,844"
The Devil,12,2022,?,SBS,N/A,N/A,N/A,32190,6587,Not Yet Rated,891
Golden Cross,20,9-Apr-14,19-Jun-14,KBS2,60,7.3,669,4840,3498,Not Yet Rated,"2,365"
Secret Boutique,32,18-Sep-19,28-Nov-19,SBS,30,7.7,709,2876,2944,15+ - Teens 15 or older,"3,003"
Happy Sisters,120,4-Dec-17,25-May-18,SBS,35,7.6,148,41427,9312,15+ - Teens 15 or older,484
First Love Again,6,10-Feb-22,18-Mar-22,N/A,25,7.3,5637,5035,868,13+ - Teens 13 or older,"11,916"
The Return of Hwang Geum-Bok,125,8-Jun-15,11-Dec-15,SBS,40,7.2,45,47688,10929,Not Yet Rated,352
We Are Dating Now,16,16-Jan-02,7-Mar-02,SBS,60,7,407,5780,5327,15+ - Teens 15 or older,"1,256"
Blow Breeze,53,27-Aug-16,26-Feb-17,MBC,75,7.1,398,5546,4149,15+ - Teens 15 or older,"1,824"
Miss Ripley,16,30-May-11,19-Jul-11,MBC,65,6.7,2280,6126,1815,15+ - Teens 15 or older,"5,329"
Lovers in Prague,18,24-Sep-05,20-Nov-05,SBS,65,7.2,450,5444,5228,15+ - Teens 15 or older,"1,290"
The Musical,15,2-Sep-11,16-Dec-11,SBS,65,6.5,2221,6259,2103,15+ - Teens 15 or older,"4,523"
Radiant Office,16,15-Mar-17,4-May-17,MBC,60,7.6,4362,3650,1010,15+ - Teens 15 or older,"10,061"
The Birth of a Family,115,5-Dec-12,17-May-13,SBS,40,7.4,46,44124,10289,Not Yet Rated,399
The 3rd Hospital,20,5-Sep-12,8-Nov-12,tvN,45,7.5,635,4005,4547,Not Yet Rated,"1,577"
Our Gap-soon,61,27-Aug-16,8-Apr-17,SBS,70,7.1,1107,5559,2218,Not Yet Rated,"4,263"
Doctor Frost,10,23-Nov-14,1-Feb-15,OCN,64,7.7,2780,3012,1346,Not Yet Rated,"7,546"
Twelve Nights,12,12-Oct-18,28-Dec-18,Channel A Viki,75,7.4,1244,4587,2110,15+ - Teens 15 or older,"4,508"
"Oh, the Mysterious",40,27-Nov-17,30-Jan-18,SBS,30,7.5,1587,3852,2026,15+ - Teens 15 or older,"4,762"
Unstoppable Marriage,140,5-Nov-07,30-May-08,KBS2,40,7.4,144,44999,7805,15+ - Teens 15 or older,660
The Full Sun,16,17-Feb-14,8-Apr-14,KBS2,60,7.6,1758,3336,1951,15+ - Teens 15 or older,"4,921"
Dalkomhan seupai,20,7-Nov-05,10-Jan-06,MBC,60,7.2,651,5288,4899,Not Yet Rated,"1,423"
Spy,16,9-Jan-15,6-Mar-15,KBS2,50,7.3,1542,4929,1743,Not Yet Rated,"5,583"
Drinking Solo,16,5-Sep-16,25-Oct-16,tvN,64,7.7,5934,3014,726,15+ - Teens 15 or older,"14,116"
Pied Piper,16,7-Mar-16,26-Apr-16,tvN,65,7.9,1046,1682,2270,15+ - Teens 15 or older,"4,162"
Doctor Detective,32,17-Jul-19,5-Sep-19,SBS,35,7.7,521,2807,3279,15+ - Teens 15 or older,"2,582"
Super Daddy Yeol,16,13-Mar-15,2-May-15,tvN,65,7.6,1947,3454,1913,Not Yet Rated,"5,027"
Chip In,8,22-Jul-20,13-Aug-20,MBC,60,7.8,1324,2268,2875,15+ - Teens 15 or older,"3,079"
Lovers,71,5-Nov-01,23-Dec-02,MBC,60,7,6,50889,99999,13+ - Teens 13 or older,26
First Love,57,15-Jan-86,14-Aug-86,MBC,65,6.6,4,54349,99999,Not Yet Rated,21
My Love by My Side,50,7-May-11,23-Oct-11,SBS,57,7.3,319,4752,6773,Not Yet Rated,851
Wanted,16,22-Jun-16,18-Aug-16,SBS,60,7.7,1859,2761,1750,15+ - Teens 15 or older,"5,548"
Angel's Revenge,103,6-Jan-14,2-Jun-14,KBS2,40,7.3,415,5041,5086,Not Yet Rated,"1,344"
King's Family,50,31-Aug-13,16-Feb-14,KBS2,64,7.5,891,4115,3700,Not Yet Rated,"2,172"
Baby Faced Beauty,20,2-May-11,5-Jul-11,KBS2,65,7.1,4766,5609,1061,15+ - Teens 15 or older,"9,592"
Can't Lose,18,24-Aug-11,20-Oct-11,MBC,70,6.9,827,5946,3466,15+ - Teens 15 or older,"2,392"
Neighborhood Lawyer Jo Deul-ho,20,28-Mar-16,31-May-16,KBS2,60,7.9,1110,2111,2530,15+ - Teens 15 or older,"3,637"
The Queen of Office,16,1-Apr-13,21-May-13,KBS2,70,7.4,773,4271,3221,13+ - Teens 13 or older,"2,656"
Brain,20,14-Nov-11,17-Jan-12,KBS2,66,7.7,1120,3119,2792,15+ - Teens 15 or older,"3,211"
Wonderful Mama,48,13-Apr-13,22-Sep-13,SBS,70,7.3,436,4893,4489,Not Yet Rated,"1,608"
Marrying a Millionaire,16,26-Nov-05,22-Jan-06,SBS,65,6.9,583,5927,4415,Not Yet Rated,"1,647"
Man Who Dies to Live,24,19-Jul-17,24-Aug-17,MBC,35,7.3,335,5145,5237,15+ - Teens 15 or older,"1,287"
Basketball,18,21-Oct-13,17-Dec-13,tvN,65,6.8,471,6029,4046,Not Yet Rated,"1,893"
Robber,16,2-Jan-08,28-Feb-08,SBS,70,7.2,543,5267,5061,13+ - Teens 13 or older,"1,357"
The Banker,32,27-Mar-19,16-May-19,MBC,35,7.6,209,40773,6502,15+ - Teens 15 or older,912
Model,36,9-Apr-97,7-Aug-97,SBS,60,7.2,29,48034,99999,G - All Ages,162
Mysterious Personal Shopper,103,26-Feb-18,20-Jul-18,KBS2,40,7.1,211,48689,6983,15+ - Teens 15 or older,810
Coma,5,21-Jul-06,18-Aug-06,OCN,60,7,289,50798,6989,15+ - Teens 15 or older,809
Masked Prosecutor,16,20-May-15,9-Jul-15,KBS2,70,7.1,997,5660,2719,Not Yet Rated,"3,345"
Heaven's Promise,102,1-Feb-16,24-Jun-16,KBS2,35,7.6,907,3326,3068,15+ - Teens 15 or older,"2,842"
Behind the White Tower,20,6-Jan-07,11-Mar-07,MBC,63,7.8,158,39097,6873,Not Yet Rated,832
It's My Life,124,5-Nov-18,26-Apr-19,KBS1,30,7.1,178,49321,5670,15+ - Teens 15 or older,"1,139"
I Order You,16,6-Jul-15,30-Jul-15,SBS Plus,20,7.3,3932,4879,1196,Not Yet Rated,"8,559"
Korean Peninsula,18,6-Feb-12,3-Apr-12,TV Chosun,60,7.6,132,41815,7759,Not Yet Rated,667
On Air,21,5-Mar-08,15-May-08,SBS,70,7.4,609,4496,4408,15+ - Teens 15 or older,"1,652"
Empire of Gold,24,1-Jul-13,17-Sep-13,SBS,63,7.5,605,4253,3446,13+ - Teens 13 or older,"2,413"
You Are the Only One,120,24-Nov-14,8-May-15,KBS1,35,7.3,201,46699,7002,Not Yet Rated,807
Shining Days,16,11-Feb-04,1-Apr-04,SBS,63,7.3,20,46672,99999,Not Yet Rated,208
Incarnation of Money,24,2-Feb-13,21-Apr-13,SBS,65,7.9,1954,2119,2006,Not Yet Rated,"4,796"
Capital Scandal,16,6-Jun-07,1-Aug-07,KBS2,70,7.6,1273,3437,2724,13+ - Teens 13 or older,"3,334"
"Run, Jang-Mi",123,15-Dec-14,5-Jun-15,SBS,40,7.3,49,45679,8097,Not Yet Rated,618
Assembly,20,15-Jul-15,17-Sep-15,KBS2,60,7.6,292,41710,5029,Not Yet Rated,"1,371"
My Heart Twinkle Twinkle,26,17-Jan-15,12-Apr-15,SBS,60,7.2,684,5296,3489,Not Yet Rated,"2,372"
Who Are You?,16,29-Jul-13,17-Sep-13,tvN,60,7.7,8257,3152,489,Not Yet Rated,"19,293"
Love Returns,120,13-Nov-17,4-May-18,KBS1,35,7.4,563,4274,3737,15+ - Teens 15 or older,"2,148"
Unkind Ladies,24,25-Feb-15,14-May-15,KBS2,70,7.5,743,4136,3402,Not Yet Rated,"2,459"
Reset,10,24-Aug-14,26-Oct-14,OCN,60,7.3,1057,5001,2301,15+ - Teens 15 or older,"4,105"
Bad Housewife,18,21-Mar-05,17-May-05,SBS,70,6.9,67,51494,12303,15+ - Teens 15 or older,277
Hero,9,18-Mar-12,13-May-12,OCN,45,7.3,346,4766,5114,Not Yet Rated,"1,333"
My Dear Cat,119,9-Jun-14,21-Nov-14,KBS1,34,6.8,185,52463,5981,Not Yet Rated,"1,048"
Best Chicken,12,2-Jan-19,7-Feb-19,DramaX MBN Viki,65,7.3,1441,4810,2403,15+ - Teens 15 or older,"3,866"
Ruler of Your Own World,20,3-Jul-02,5-Sep-02,MBC,65,7.6,152,41888,7402,13+ - Teens 13 or older,730
Melody of Love,151,4-Nov-13,6-Jun-14,KBS1,35,6.9,414,5864,4613,Not Yet Rated,"1,544"
Spy Myung-wol,18,11-Jul-11,6-Sep-11,KBS2,70,7.2,5690,5375,943,Not Yet Rated,"10,819"
Syndrome,20,13-Feb-12,17-Apr-12,jTBC,65,7.2,289,47570,5591,15+ - Teens 15 or older,"1,164"
"Be Strong, Geum-Soon!",163,14-Feb-05,30-Sep-05,MBC,30,7.5,367,4035,6162,13+ - Teens 13 or older,"1,001"
Laurel Tree Tailors,54,27-Aug-16,26-Feb-17,KBS2,65,7.9,1266,2057,2581,Not Yet Rated,"3,556"
Lights and Shadows,64,28-Nov-11,3-Jul-12,MBC,65,7.7,44,40433,11069,Not Yet Rated,345
Two Mothers,102,3-Jun-14,7-Nov-14,KBS2,35,7.1,169,49379,8377,Not Yet Rated,578
My Beloved Sister,55,12-Aug-06,18-Feb-07,MBC,65,7.4,101,45315,10321,13+ - Teens 13 or older,396
Unknown Woman,102,24-Apr-17,15-Sep-17,KBS2,35,7.4,327,4648,6004,15+ - Teens 15 or older,"1,042"
A Thousand Kisses,50,20-Aug-11,5-Feb-12,MBC,62,6.8,1483,6007,2316,G - All Ages,"4,077"
Aillaendeu,16,1-Sep-04,21-Oct-04,MBC,70,6.6,227,53822,6621,Not Yet Rated,883
The Secret of My Love,100,18-Sep-17,9-Feb-18,KBS2,30,7.1,135,49674,8370,15+ - Teens 15 or older,579
Gangnam Scandal,123,26-Nov-18,17-May-19,SBS,35,7.4,359,4673,3646,15+ - Teens 15 or older,"2,230"
Tomorrow Boy,5,28-Mar-16,25-Apr-16,Naver TV Cast,16,7,1137,5759,2834,Not Yet Rated,"3,137"
Jeogdoui Namja,20,21-Mar-12,24-May-12,KBS2,65,7.4,1192,4545,2604,Not Yet Rated,"3,526"
Amoreupati,120,12-Apr-21,1-Oct-21,SBS,35,7.3,81,46890,9694,15+ - Teens 15 or older,446
"Sweet, Savage Family",16,18-Nov-15,14-Jan-16,MBC,60,7.3,494,4770,3539,15+ - Teens 15 or older,"2,325"
Someday,16,11-Nov-06,29-Dec-06,OCN,65,7.1,212,48734,8129,Not Yet Rated,613
A Daughter Just Like You,120,18-May-15,6-Nov-15,MBC,35,7.5,342,3902,4980,15+ - Teens 15 or older,"1,389"
Romance,16,8-May-02,27-Jun-02,MBC,65,7.3,606,5098,3748,15+ - Teens 15 or older,"2,139"
Surgeon Bong Dal-hee,18,17-Jan-07,15-Mar-07,SBS,70,7.6,441,3435,6233,Not Yet Rated,982
Apgujeong Midnight Sun,149,6-Oct-14,15-May-15,MBC,35,7.4,172,44629,8388,15+ - Teens 15 or older,577
Love to the End,104,23-Jul-18,31-Dec-18,KBS2,35,7.3,185,46599,7301,15+ - Teens 15 or older,750
Sweden Laundry,16,21-Nov-14,6-Mar-15,MBC every1,60,7.1,1777,5654,1981,Not Yet Rated,"4,848"
Family's Honor,54,11-Oct-08,19-Apr-09,SBS,70,7.9,798,1819,4177,15+ - Teens 15 or older,"1,804"
One Fine Day,2,1-Feb-14,2-Feb-14,SBS,N/A,7.2,3,47815,99999,Not Yet Rated,95
Magic Cellphone,10,13-Jul-16,14-Sep-16,N/A,10,6,629,6322,4457,13+ - Teens 13 or older,"1,627"
Grandpas Over Flowers Investigation Team,12,9-May-14,25-Jul-14,tvN,60,7.8,1548,2255,2236,15+ - Teens 15 or older,"4,229"
Love on a Rooftop,101,6-Apr-15,21-Aug-15,KBS2,35,6.9,255,52041,6748,15+ - Teens 15 or older,856
Conspiracy in the Court,8,9-Jul-07,31-Jul-07,KBS2,70,7.5,192,43588,6960,Not Yet Rated,816
Precious Family,68,16-Oct-04,5-Jun-05,KBS2,N/A,7.9,26,37804,99999,Not Yet Rated,226
Byeoleun nae gaseume,16,10-Mar-97,29-Apr-97,MBC,45,7.5,353,3883,6189,Not Yet Rated,995
Beating Heart,12,2-Apr-05,8-May-05,MBC,70,7.2,55,47519,12698,15+ - Teens 15 or older,260
Enemies from the Past,123,27-Nov-17,1-Jun-18,MBC,35,7.6,196,40730,6767,15+ - Teens 15 or older,853
Obeo deo reinbou,16,26-Jul-06,14-Sep-06,MBC,60,7,638,5789,4359,13+ - Teens 13 or older,"1,677"
Happy Ending,3," Dec 24, 2016",N/A,N/A,9,6.9,115,51450,9181,Not Yet Rated,494
I Love Lee Tae-ri,16,28-May-12,17-Jul-12,tvN,45,6.8,2022,5994,1959,Not Yet Rated,"4,904"
Autumn Shower,16,21-Sep-05,10-Nov-05,MBC,60,7.1,107,49298,10418,Not Yet Rated,387
Make a Woman Cry,40,18-Apr-15,30-Aug-15,MBC,75,7.6,256,41510,5594,15+ - Teens 15 or older,"1,163"
Love Again,16,25-Apr-12,14-Jun-12,jTBC,63,7.4,64,44677,9943,15+ - Teens 15 or older,425
Your Neighbor's Wife,22,14-Oct-13,24-Dec-13,jTBC,60,7.3,65,45559,9615,15+ - Teens 15 or older,454
Ad Genius Lee Tae Baek,16,4-Feb-13,26-Mar-13,KBS2,65,6.9,1322,5948,2733,Not Yet Rated,"3,312"
Yurihwa,18,1-Dec-04,3-Feb-05,SBS,64,7.1,293,49853,7243,Not Yet Rated,759
How to Meet a Perfect Neighbor,20,25-Jul-07,27-Sep-07,SBS,65,7.1,559,5633,4603,13+ - Teens 13 or older,"1,549"
The End of the World,12,16-Mar-13,5-May-13,jTBC,70,7.4,122,44529,7472,15+ - Teens 15 or older,716
"Please Come Back, Soon-ae",16,12-Jul-06,31-Aug-06,SBS,60,6.8,107,52648,11633,Not Yet Rated,312
The Wedding Scheme,16,2-Apr-12,22-May-12,tvN,45,7.1,1102,5606,3376,Not Yet Rated,"2,489"
Don't Hesitate,98,5-Oct-09,26-Feb-10,SBS,40,7.1,624,5523,5030,15+ - Teens 15 or older,"1,370"
Into the Flames,20,25-Apr-14,28-Jun-14,TV Chosun,70,7.8,17,38934,10318,15+ - Teens 15 or older,396
